"註記","號次","姓名","性別","得票數","得票率","推薦之政黨","縣市","鄉鎮市區"
"1","",1,"魏明谷","男",47148,"38.02%","民主進步黨","彰化縣","彰化市"
"2","◎",2,"王惠美","女",65874,"53.12%","中國國民黨","彰化縣","彰化市"
"3","",3,"白雅燦","男",1375,"1.11%","無","彰化縣","彰化市"
"4","",4,"黃文玲","女",8206,"6.62%","無","彰化縣","彰化市"
"5","",5,"洪敏雄","男",1407,"1.13%","無","彰化縣","彰化市"
"6","",1,"魏明谷","男",18379,"38.77%","民主進步黨","彰化縣","鹿港鎮"
"7","◎",2,"王惠美","女",27397,"57.80%","中國國民黨","彰化縣","鹿港鎮"
"8","",3,"白雅燦","男",266,"0.56%","無","彰化縣","鹿港鎮"
"9","",4,"黃文玲","女",1147,"2.42%","無","彰化縣","鹿港鎮"
"10","",5,"洪敏雄","男",212,"0.45%","無","彰化縣","鹿港鎮"
"11","",1,"魏明谷","男",17596,"35.82%","民主進步黨","彰化縣","和美鎮"
"12","◎",2,"王惠美","女",29004,"59.04%","中國國民黨","彰化縣","和美鎮"
"13","",3,"白雅燦","男",421,"0.86%","無","彰化縣","和美鎮"
"14","",4,"黃文玲","女",1745,"3.55%","無","彰化縣","和美鎮"
"15","",5,"洪敏雄","男",363,"0.74%","無","彰化縣","和美鎮"
"16","",1,"魏明谷","男",2818,"28.46%","民主進步黨","彰化縣","線西鄉"
"17","◎",2,"王惠美","女",6615,"66.82%","中國國民黨","彰化縣","線西鄉"
"18","",3,"白雅燦","男",90,"0.91%","無","彰化縣","線西鄉"
"19","",4,"黃文玲","女",314,"3.17%","無","彰化縣","線西鄉"
"20","",5,"洪敏雄","男",63,"0.64%","無","彰化縣","線西鄉"
"21","",1,"魏明谷","男",6883,"33.55%","民主進步黨","彰化縣","伸港鄉"
"22","◎",2,"王惠美","女",12781,"62.30%","中國國民黨","彰化縣","伸港鄉"
"23","",3,"白雅燦","男",135,"0.66%","無","彰化縣","伸港鄉"
"24","",4,"黃文玲","女",615,"3.00%","無","彰化縣","伸港鄉"
"25","",5,"洪敏雄","男",101,"0.49%","無","彰化縣","伸港鄉"
"26","",1,"魏明谷","男",9992,"38.08%","民主進步黨","彰化縣","福興鄉"
"27","◎",2,"王惠美","女",15125,"57.65%","中國國民黨","彰化縣","福興鄉"
"28","",3,"白雅燦","男",220,"0.84%","無","彰化縣","福興鄉"
"29","",4,"黃文玲","女",752,"2.87%","無","彰化縣","福興鄉"
"30","",5,"洪敏雄","男",148,"0.56%","無","彰化縣","福興鄉"
"31","",1,"魏明谷","男",7953,"35.67%","民主進步黨","彰化縣","秀水鄉"
"32","◎",2,"王惠美","女",13132,"58.90%","中國國民黨","彰化縣","秀水鄉"
"33","",3,"白雅燦","男",173,"0.78%","無","彰化縣","秀水鄉"
"34","",4,"黃文玲","女",836,"3.75%","無","彰化縣","秀水鄉"
"35","",5,"洪敏雄","男",203,"0.91%","無","彰化縣","秀水鄉"
"36","",1,"魏明谷","男",9629,"36.90%","民主進步黨","彰化縣","花壇鄉"
"37","◎",2,"王惠美","女",14443,"55.34%","中國國民黨","彰化縣","花壇鄉"
"38","",3,"白雅燦","男",387,"1.48%","無","彰化縣","花壇鄉"
"39","",4,"黃文玲","女",1366,"5.23%","無","彰化縣","花壇鄉"
"40","",5,"洪敏雄","男",273,"1.05%","無","彰化縣","花壇鄉"
"41","",1,"魏明谷","男",6415,"46.08%","民主進步黨","彰化縣","芬園鄉"
"42","◎",2,"王惠美","女",6594,"47.37%","中國國民黨","彰化縣","芬園鄉"
"43","",3,"白雅燦","男",119,"0.85%","無","彰化縣","芬園鄉"
"44","",4,"黃文玲","女",669,"4.81%","無","彰化縣","芬園鄉"
"45","",5,"洪敏雄","男",124,"0.89%","無","彰化縣","芬園鄉"
"46","",1,"魏明谷","男",26724,"41.78%","民主進步黨","彰化縣","員林市"
"47","◎",2,"王惠美","女",31949,"49.95%","中國國民黨","彰化縣","員林市"
"48","",3,"白雅燦","男",715,"1.12%","無","彰化縣","員林市"
"49","",4,"黃文玲","女",3716,"5.81%","無","彰化縣","員林市"
"50","",5,"洪敏雄","男",852,"1.33%","無","彰化縣","員林市"
"51","",1,"魏明谷","男",11899,"38.86%","民主進步黨","彰化縣","溪湖鎮"
"52","◎",2,"王惠美","女",16431,"53.67%","中國國民黨","彰化縣","溪湖鎮"
"53","",3,"白雅燦","男",284,"0.93%","無","彰化縣","溪湖鎮"
"54","",4,"黃文玲","女",1479,"4.83%","無","彰化縣","溪湖鎮"
"55","",5,"洪敏雄","男",524,"1.71%","無","彰化縣","溪湖鎮"
"56","",1,"魏明谷","男",10161,"43.96%","民主進步黨","彰化縣","田中鎮"
"57","◎",2,"王惠美","女",11340,"49.06%","中國國民黨","彰化縣","田中鎮"
"58","",3,"白雅燦","男",250,"1.08%","無","彰化縣","田中鎮"
"59","",4,"黃文玲","女",1136,"4.91%","無","彰化縣","田中鎮"
"60","",5,"洪敏雄","男",228,"0.99%","無","彰化縣","田中鎮"
"61","",1,"魏明谷","男",8835,"41.40%","民主進步黨","彰化縣","大村鄉"
"62","◎",2,"王惠美","女",10826,"50.73%","中國國民黨","彰化縣","大村鄉"
"63","",3,"白雅燦","男",235,"1.10%","無","彰化縣","大村鄉"
"64","",4,"黃文玲","女",1218,"5.71%","無","彰化縣","大村鄉"
"65","",5,"洪敏雄","男",227,"1.06%","無","彰化縣","大村鄉"
"66","",1,"魏明谷","男",6620,"32.43%","民主進步黨","彰化縣","埔鹽鄉"
"67","◎",2,"王惠美","女",12415,"60.82%","中國國民黨","彰化縣","埔鹽鄉"
"68","",3,"白雅燦","男",200,"0.98%","無","彰化縣","埔鹽鄉"
"69","",4,"黃文玲","女",943,"4.62%","無","彰化縣","埔鹽鄉"
"70","",5,"洪敏雄","男",236,"1.16%","無","彰化縣","埔鹽鄉"
"71","",1,"魏明谷","男",9295,"45.43%","民主進步黨","彰化縣","埔心鄉"
"72","◎",2,"王惠美","女",9694,"47.38%","中國國民黨","彰化縣","埔心鄉"
"73","",3,"白雅燦","男",195,"0.95%","無","彰化縣","埔心鄉"
"74","",4,"黃文玲","女",1044,"5.10%","無","彰化縣","埔心鄉"
"75","",5,"洪敏雄","男",232,"1.13%","無","彰化縣","埔心鄉"
"76","",1,"魏明谷","男",9751,"45.35%","民主進步黨","彰化縣","永靖鄉"
"77","◎",2,"王惠美","女",10057,"46.77%","中國國民黨","彰化縣","永靖鄉"
"78","",3,"白雅燦","男",253,"1.18%","無","彰化縣","永靖鄉"
"79","",4,"黃文玲","女",1188,"5.53%","無","彰化縣","永靖鄉"
"80","",5,"洪敏雄","男",252,"1.17%","無","彰化縣","永靖鄉"
"81","",1,"魏明谷","男",10864,"44.60%","民主進步黨","彰化縣","社頭鄉"
"82","◎",2,"王惠美","女",11703,"48.04%","中國國民黨","彰化縣","社頭鄉"
"83","",3,"白雅燦","男",502,"2.06%","無","彰化縣","社頭鄉"
"84","",4,"黃文玲","女",1094,"4.49%","無","彰化縣","社頭鄉"
"85","",5,"洪敏雄","男",196,"0.80%","無","彰化縣","社頭鄉"
"86","",1,"魏明谷","男",4775,"49.11%","民主進步黨","彰化縣","二水鄉"
"87","◎",2,"王惠美","女",4452,"45.79%","中國國民黨","彰化縣","二水鄉"
"88","",3,"白雅燦","男",78,"0.80%","無","彰化縣","二水鄉"
"89","",4,"黃文玲","女",357,"3.67%","無","彰化縣","二水鄉"
"90","",5,"洪敏雄","男",61,"0.63%","無","彰化縣","二水鄉"
"91","",1,"魏明谷","男",7863,"42.83%","民主進步黨","彰化縣","北斗鎮"
"92","◎",2,"王惠美","女",9082,"49.47%","中國國民黨","彰化縣","北斗鎮"
"93","",3,"白雅燦","男",199,"1.08%","無","彰化縣","北斗鎮"
"94","",4,"黃文玲","女",1013,"5.52%","無","彰化縣","北斗鎮"
"95","",5,"洪敏雄","男",202,"1.10%","無","彰化縣","北斗鎮"
"96","",1,"魏明谷","男",10868,"37.78%","民主進步黨","彰化縣","二林鎮"
"97","◎",2,"王惠美","女",15652,"54.42%","中國國民黨","彰化縣","二林鎮"
"98","",3,"白雅燦","男",349,"1.21%","無","彰化縣","二林鎮"
"99","",4,"黃文玲","女",1496,"5.20%","無","彰化縣","二林鎮"
"100","",5,"洪敏雄","男",399,"1.39%","無","彰化縣","二林鎮"
"101","",1,"魏明谷","男",6720,"42.16%","民主進步黨","彰化縣","田尾鄉"
"102","◎",2,"王惠美","女",7946,"49.86%","中國國民黨","彰化縣","田尾鄉"
"103","",3,"白雅燦","男",214,"1.34%","無","彰化縣","田尾鄉"
"104","",4,"黃文玲","女",892,"5.60%","無","彰化縣","田尾鄉"
"105","",5,"洪敏雄","男",166,"1.04%","無","彰化縣","田尾鄉"
"106","",1,"魏明谷","男",7095,"42.06%","民主進步黨","彰化縣","埤頭鄉"
"107","◎",2,"王惠美","女",8548,"50.67%","中國國民黨","彰化縣","埤頭鄉"
"108","",3,"白雅燦","男",191,"1.13%","無","彰化縣","埤頭鄉"
"109","",4,"黃文玲","女",852,"5.05%","無","彰化縣","埤頭鄉"
"110","",5,"洪敏雄","男",183,"1.08%","無","彰化縣","埤頭鄉"
"111","",1,"魏明谷","男",8818,"44.80%","民主進步黨","彰化縣","芳苑鄉"
"112","◎",2,"王惠美","女",9404,"47.78%","中國國民黨","彰化縣","芳苑鄉"
"113","",3,"白雅燦","男",213,"1.08%","無","彰化縣","芳苑鄉"
"114","",4,"黃文玲","女",1005,"5.11%","無","彰化縣","芳苑鄉"
"115","",5,"洪敏雄","男",241,"1.22%","無","彰化縣","芳苑鄉"
"116","",1,"魏明谷","男",4013,"43.29%","民主進步黨","彰化縣","大城鄉"
"117","◎",2,"王惠美","女",4708,"50.78%","中國國民黨","彰化縣","大城鄉"
"118","",3,"白雅燦","男",92,"0.99%","無","彰化縣","大城鄉"
"119","",4,"黃文玲","女",347,"3.74%","無","彰化縣","大城鄉"
"120","",5,"洪敏雄","男",111,"1.20%","無","彰化縣","大城鄉"
"121","",1,"魏明谷","男",4424,"47.20%","民主進步黨","彰化縣","竹塘鄉"
"122","◎",2,"王惠美","女",4333,"46.23%","中國國民黨","彰化縣","竹塘鄉"
"123","",3,"白雅燦","男",89,"0.95%","無","彰化縣","竹塘鄉"
"124","",4,"黃文玲","女",423,"4.51%","無","彰化縣","竹塘鄉"
"125","",5,"洪敏雄","男",104,"1.11%","無","彰化縣","竹塘鄉"
"126","",1,"魏明谷","男",7731,"45.03%","民主進步黨","彰化縣","溪州鄉"
"127","◎",2,"王惠美","女",8290,"48.28%","中國國民黨","彰化縣","溪州鄉"
"128","",3,"白雅燦","男",157,"0.91%","無","彰化縣","溪州鄉"
"129","",4,"黃文玲","女",837,"4.87%","無","彰化縣","溪州鄉"
"130","",5,"洪敏雄","男",155,"0.90%","無","彰化縣","溪州鄉"
"131","",1,"林佳瑜","男",1055,"1.81%","無","雲林縣","斗六市"
"132","",2,"李進勇","男",22922,"39.39%","民主進步黨","雲林縣","斗六市"
"133","",3,"王麗萍","女",2161,"3.71%","無","雲林縣","斗六市"
"134","◎",4,"張麗善","女",32050,"55.08%","中國國民黨","雲林縣","斗六市"
"135","",1,"林佳瑜","男",475,"1.84%","無","雲林縣","斗南鎮"
"136","",2,"李進勇","男",11005,"42.61%","民主進步黨","雲林縣","斗南鎮"
"137","",3,"王麗萍","女",901,"3.49%","無","雲林縣","斗南鎮"
"138","◎",4,"張麗善","女",13445,"52.06%","中國國民黨","雲林縣","斗南鎮"
"139","",1,"林佳瑜","男",743,"1.95%","無","雲林縣","虎尾鎮"
"140","",2,"李進勇","男",14381,"37.68%","民主進步黨","雲林縣","虎尾鎮"
"141","",3,"王麗萍","女",1697,"4.45%","無","雲林縣","虎尾鎮"
"142","◎",4,"張麗善","女",21349,"55.93%","中國國民黨","雲林縣","虎尾鎮"
"143","",1,"林佳瑜","男",392,"1.52%","無","雲林縣","西螺鎮"
"144","",2,"李進勇","男",12644,"48.96%","民主進步黨","雲林縣","西螺鎮"
"145","",3,"王麗萍","女",679,"2.63%","無","雲林縣","西螺鎮"
"146","◎",4,"張麗善","女",12109,"46.89%","中國國民黨","雲林縣","西螺鎮"
"147","",1,"林佳瑜","男",275,"1.58%","無","雲林縣","土庫鎮"
"148","",2,"李進勇","男",6368,"36.69%","民主進步黨","雲林縣","土庫鎮"
"149","",3,"王麗萍","女",578,"3.33%","無","雲林縣","土庫鎮"
"150","◎",4,"張麗善","女",10136,"58.40%","中國國民黨","雲林縣","土庫鎮"
"151","",1,"林佳瑜","男",334,"1.44%","無","雲林縣","北港鎮"
"152","",2,"李進勇","男",10941,"47.13%","民主進步黨","雲林縣","北港鎮"
"153","",3,"王麗萍","女",514,"2.21%","無","雲林縣","北港鎮"
"154","◎",4,"張麗善","女",11426,"49.22%","中國國民黨","雲林縣","北港鎮"
"155","",1,"林佳瑜","男",283,"1.52%","無","雲林縣","古坑鄉"
"156","",2,"李進勇","男",7693,"41.45%","民主進步黨","雲林縣","古坑鄉"
"157","",3,"王麗萍","女",496,"2.67%","無","雲林縣","古坑鄉"
"158","◎",4,"張麗善","女",10087,"54.35%","中國國民黨","雲林縣","古坑鄉"
"159","",1,"林佳瑜","男",190,"1.62%","無","雲林縣","大埤鄉"
"160","",2,"李進勇","男",4860,"41.37%","民主進步黨","雲林縣","大埤鄉"
"161","",3,"王麗萍","女",359,"3.06%","無","雲林縣","大埤鄉"
"162","◎",4,"張麗善","女",6339,"53.96%","中國國民黨","雲林縣","大埤鄉"
"163","",1,"林佳瑜","男",323,"1.84%","無","雲林縣","莿桐鄉"
"164","",2,"李進勇","男",8445,"48.24%","民主進步黨","雲林縣","莿桐鄉"
"165","",3,"王麗萍","女",521,"2.98%","無","雲林縣","莿桐鄉"
"166","◎",4,"張麗善","女",8218,"46.94%","中國國民黨","雲林縣","莿桐鄉"
"167","",1,"林佳瑜","男",125,"1.19%","無","雲林縣","林內鄉"
"168","",2,"李進勇","男",4928,"46.72%","民主進步黨","雲林縣","林內鄉"
"169","",3,"王麗萍","女",260,"2.47%","無","雲林縣","林內鄉"
"170","◎",4,"張麗善","女",5234,"49.63%","中國國民黨","雲林縣","林內鄉"
"171","",1,"林佳瑜","男",240,"1.52%","無","雲林縣","二崙鄉"
"172","",2,"李進勇","男",7708,"48.78%","民主進步黨","雲林縣","二崙鄉"
"173","",3,"王麗萍","女",392,"2.48%","無","雲林縣","二崙鄉"
"174","◎",4,"張麗善","女",7461,"47.22%","中國國民黨","雲林縣","二崙鄉"
"175","",1,"林佳瑜","男",209,"1.44%","無","雲林縣","崙背鄉"
"176","",2,"李進勇","男",5987,"41.25%","民主進步黨","雲林縣","崙背鄉"
"177","",3,"王麗萍","女",357,"2.46%","無","雲林縣","崙背鄉"
"178","◎",4,"張麗善","女",7961,"54.85%","中國國民黨","雲林縣","崙背鄉"
"179","",1,"林佳瑜","男",340,"1.49%","無","雲林縣","麥寮鄉"
"180","",2,"李進勇","男",6429,"28.12%","民主進步黨","雲林縣","麥寮鄉"
"181","",3,"王麗萍","女",542,"2.37%","無","雲林縣","麥寮鄉"
"182","◎",4,"張麗善","女",15550,"68.02%","中國國民黨","雲林縣","麥寮鄉"
"183","",1,"林佳瑜","男",117,"1.18%","無","雲林縣","東勢鄉"
"184","",2,"李進勇","男",3902,"39.49%","民主進步黨","雲林縣","東勢鄉"
"185","",3,"王麗萍","女",174,"1.76%","無","雲林縣","東勢鄉"
"186","◎",4,"張麗善","女",5687,"57.56%","中國國民黨","雲林縣","東勢鄉"
"187","",1,"林佳瑜","男",100,"1.15%","無","雲林縣","褒忠鄉"
"188","",2,"李進勇","男",3638,"41.81%","民主進步黨","雲林縣","褒忠鄉"
"189","",3,"王麗萍","女",217,"2.49%","無","雲林縣","褒忠鄉"
"190","◎",4,"張麗善","女",4746,"54.55%","中國國民黨","雲林縣","褒忠鄉"
"191","",1,"林佳瑜","男",175,"1.26%","無","雲林縣","臺西鄉"
"192","",2,"李進勇","男",4600,"33.11%","民主進步黨","雲林縣","臺西鄉"
"193","",3,"王麗萍","女",283,"2.04%","無","雲林縣","臺西鄉"
"194","◎",4,"張麗善","女",8833,"63.59%","中國國民黨","雲林縣","臺西鄉"
"195","",1,"林佳瑜","男",267,"1.75%","無","雲林縣","元長鄉"
"196","",2,"李進勇","男",6483,"42.41%","民主進步黨","雲林縣","元長鄉"
"197","",3,"王麗萍","女",418,"2.73%","無","雲林縣","元長鄉"
"198","◎",4,"張麗善","女",8118,"53.11%","中國國民黨","雲林縣","元長鄉"
"199","",1,"林佳瑜","男",118,"0.95%","無","雲林縣","四湖鄉"
"200","",2,"李進勇","男",5728,"46.04%","民主進步黨","雲林縣","四湖鄉"
"201","",3,"王麗萍","女",212,"1.70%","無","雲林縣","四湖鄉"
"202","◎",4,"張麗善","女",6384,"51.31%","中國國民黨","雲林縣","四湖鄉"
"203","",1,"林佳瑜","男",195,"1.20%","無","雲林縣","口湖鄉"
"204","",2,"李進勇","男",7059,"43.50%","民主進步黨","雲林縣","口湖鄉"
"205","",3,"王麗萍","女",236,"1.45%","無","雲林縣","口湖鄉"
"206","◎",4,"張麗善","女",8739,"53.85%","中國國民黨","雲林縣","口湖鄉"
"207","",1,"林佳瑜","男",207,"1.38%","無","雲林縣","水林鄉"
"208","",2,"李進勇","男",7604,"50.78%","民主進步黨","雲林縣","水林鄉"
"209","",3,"王麗萍","女",264,"1.76%","無","雲林縣","水林鄉"
"210","◎",4,"張麗善","女",6898,"46.07%","中國國民黨","雲林縣","水林鄉"
"211","",1,"林信華","男",6736,"13.66%","無","宜蘭縣","宜蘭市"
"212","◎",2,"林姿妙","女",23891,"48.45%","中國國民黨","宜蘭縣","宜蘭市"
"213","",3,"陳歐珀","男",18033,"36.57%","民主進步黨","宜蘭縣","宜蘭市"
"214","",4,"林錦坤","男",379,"0.77%","無","宜蘭縣","宜蘭市"
"215","",5,"陳秋境","男",270,"0.55%","無","宜蘭縣","宜蘭市"
"216","",1,"林信華","男",3872,"11.06%","無","宜蘭縣","羅東鎮"
"217","◎",2,"林姿妙","女",18457,"52.71%","中國國民黨","宜蘭縣","羅東鎮"
"218","",3,"陳歐珀","男",12395,"35.40%","民主進步黨","宜蘭縣","羅東鎮"
"219","",4,"林錦坤","男",163,"0.47%","無","宜蘭縣","羅東鎮"
"220","",5,"陳秋境","男",128,"0.37%","無","宜蘭縣","羅東鎮"
"221","",1,"林信華","男",2266,"9.88%","無","宜蘭縣","蘇澳鎮"
"222","◎",2,"林姿妙","女",11341,"49.44%","中國國民黨","宜蘭縣","蘇澳鎮"
"223","",3,"陳歐珀","男",8995,"39.21%","民主進步黨","宜蘭縣","蘇澳鎮"
"224","",4,"林錦坤","男",185,"0.81%","無","宜蘭縣","蘇澳鎮"
"225","",5,"陳秋境","男",154,"0.67%","無","宜蘭縣","蘇澳鎮"
"226","",1,"林信華","男",1415,"8.26%","無","宜蘭縣","頭城鎮"
"227","◎",2,"林姿妙","女",9405,"54.90%","中國國民黨","宜蘭縣","頭城鎮"
"228","",3,"陳歐珀","男",5973,"34.87%","民主進步黨","宜蘭縣","頭城鎮"
"229","",4,"林錦坤","男",167,"0.97%","無","宜蘭縣","頭城鎮"
"230","",5,"陳秋境","男",171,"1.00%","無","宜蘭縣","頭城鎮"
"231","",1,"林信華","男",2314,"10.95%","無","宜蘭縣","礁溪鄉"
"232","◎",2,"林姿妙","女",9698,"45.91%","中國國民黨","宜蘭縣","礁溪鄉"
"233","",3,"陳歐珀","男",8797,"41.65%","民主進步黨","宜蘭縣","礁溪鄉"
"234","",4,"林錦坤","男",194,"0.92%","無","宜蘭縣","礁溪鄉"
"235","",5,"陳秋境","男",120,"0.57%","無","宜蘭縣","礁溪鄉"
"236","",1,"林信華","男",1581,"10.34%","無","宜蘭縣","壯圍鄉"
"237","◎",2,"林姿妙","女",6978,"45.66%","中國國民黨","宜蘭縣","壯圍鄉"
"238","",3,"陳歐珀","男",6509,"42.59%","民主進步黨","宜蘭縣","壯圍鄉"
"239","",4,"林錦坤","男",125,"0.82%","無","宜蘭縣","壯圍鄉"
"240","",5,"陳秋境","男",90,"0.59%","無","宜蘭縣","壯圍鄉"
"241","",1,"林信華","男",1974,"10.77%","無","宜蘭縣","員山鄉"
"242","◎",2,"林姿妙","女",7844,"42.78%","中國國民黨","宜蘭縣","員山鄉"
"243","",3,"陳歐珀","男",8154,"44.47%","民主進步黨","宜蘭縣","員山鄉"
"244","",4,"林錦坤","男",264,"1.44%","無","宜蘭縣","員山鄉"
"245","",5,"陳秋境","男",101,"0.55%","無","宜蘭縣","員山鄉"
"246","",1,"林信華","男",3138,"10.94%","無","宜蘭縣","冬山鄉"
"247","◎",2,"林姿妙","女",13141,"45.83%","中國國民黨","宜蘭縣","冬山鄉"
"248","",3,"陳歐珀","男",12023,"41.93%","民主進步黨","宜蘭縣","冬山鄉"
"249","",4,"林錦坤","男",206,"0.72%","無","宜蘭縣","冬山鄉"
"250","",5,"陳秋境","男",168,"0.59%","無","宜蘭縣","冬山鄉"
"251","",1,"林信華","男",2605,"11.84%","無","宜蘭縣","五結鄉"
"252","◎",2,"林姿妙","女",10354,"47.07%","中國國民黨","宜蘭縣","五結鄉"
"253","",3,"陳歐珀","男",8782,"39.93%","民主進步黨","宜蘭縣","五結鄉"
"254","",4,"林錦坤","男",142,"0.65%","無","宜蘭縣","五結鄉"
"255","",5,"陳秋境","男",112,"0.51%","無","宜蘭縣","五結鄉"
"256","",1,"林信華","男",1235,"9.69%","無","宜蘭縣","三星鄉"
"257","◎",2,"林姿妙","女",6053,"47.48%","中國國民黨","宜蘭縣","三星鄉"
"258","",3,"陳歐珀","男",5314,"41.68%","民主進步黨","宜蘭縣","三星鄉"
"259","",4,"林錦坤","男",74,"0.58%","無","宜蘭縣","三星鄉"
"260","",5,"陳秋境","男",72,"0.56%","無","宜蘭縣","三星鄉"
"261","",1,"林信華","男",149,"3.81%","無","宜蘭縣","大同鄉"
"262","◎",2,"林姿妙","女",3360,"86.02%","中國國民黨","宜蘭縣","大同鄉"
"263","",3,"陳歐珀","男",374,"9.58%","民主進步黨","宜蘭縣","大同鄉"
"264","",4,"林錦坤","男",9,"0.23%","無","宜蘭縣","大同鄉"
"265","",5,"陳秋境","男",14,"0.36%","無","宜蘭縣","大同鄉"
"266","",1,"林信華","男",114,"3.12%","無","宜蘭縣","南澳鄉"
"267","◎",2,"林姿妙","女",3245,"88.73%","中國國民黨","宜蘭縣","南澳鄉"
"268","",3,"陳歐珀","男",260,"7.11%","民主進步黨","宜蘭縣","南澳鄉"
"269","",4,"林錦坤","男",14,"0.38%","無","宜蘭縣","南澳鄉"
"270","",5,"陳秋境","男",24,"0.66%","無","宜蘭縣","南澳鄉"
"271","◎",1,"楊文科","男",27664,"33.50%","中國國民黨","新竹縣","竹北市"
"272","",2,"葉芳棟","男",1901,"2.30%","無","新竹縣","竹北市"
"273","",3,"鄭朝方","男",21725,"26.31%","民主進步黨","新竹縣","竹北市"
"274","",4,"徐欣瑩","女",31292,"37.89%","民國黨","新竹縣","竹北市"
"275","◎",1,"楊文科","男",19629,"42.05%","中國國民黨","新竹縣","竹東鎮"
"276","",2,"葉芳棟","男",792,"1.70%","無","新竹縣","竹東鎮"
"277","",3,"鄭朝方","男",13531,"28.99%","民主進步黨","新竹縣","竹東鎮"
"278","",4,"徐欣瑩","女",12724,"27.26%","民國黨","新竹縣","竹東鎮"
"279","◎",1,"楊文科","男",6982,"35.99%","中國國民黨","新竹縣","新埔鎮"
"280","",2,"葉芳棟","男",317,"1.63%","無","新竹縣","新埔鎮"
"281","",3,"鄭朝方","男",6239,"32.16%","民主進步黨","新竹縣","新埔鎮"
"282","",4,"徐欣瑩","女",5861,"30.21%","民國黨","新竹縣","新埔鎮"
"283","◎",1,"楊文科","男",6017,"35.70%","中國國民黨","新竹縣","關西鎮"
"284","",2,"葉芳棟","男",217,"1.29%","無","新竹縣","關西鎮"
"285","",3,"鄭朝方","男",4905,"29.10%","民主進步黨","新竹縣","關西鎮"
"286","",4,"徐欣瑩","女",5715,"33.91%","民國黨","新竹縣","關西鎮"
"287","◎",1,"楊文科","男",15866,"39.87%","中國國民黨","新竹縣","湖口鄉"
"288","",2,"葉芳棟","男",702,"1.76%","無","新竹縣","湖口鄉"
"289","",3,"鄭朝方","男",10043,"25.24%","民主進步黨","新竹縣","湖口鄉"
"290","",4,"徐欣瑩","女",13182,"33.13%","民國黨","新竹縣","湖口鄉"
"291","◎",1,"楊文科","男",9826,"33.97%","中國國民黨","新竹縣","新豐鄉"
"292","",2,"葉芳棟","男",475,"1.64%","無","新竹縣","新豐鄉"
"293","",3,"鄭朝方","男",7930,"27.42%","民主進步黨","新竹縣","新豐鄉"
"294","",4,"徐欣瑩","女",10694,"36.97%","民國黨","新竹縣","新豐鄉"
"295","◎",1,"楊文科","男",4876,"40.07%","中國國民黨","新竹縣","芎林鄉"
"296","",2,"葉芳棟","男",216,"1.78%","無","新竹縣","芎林鄉"
"297","",3,"鄭朝方","男",3702,"30.42%","民主進步黨","新竹縣","芎林鄉"
"298","",4,"徐欣瑩","女",3374,"27.73%","民國黨","新竹縣","芎林鄉"
"299","◎",1,"楊文科","男",3624,"44.23%","中國國民黨","新竹縣","橫山鄉"
"300","",2,"葉芳棟","男",152,"1.86%","無","新竹縣","橫山鄉"
"301","",3,"鄭朝方","男",2278,"27.80%","民主進步黨","新竹縣","橫山鄉"
"302","",4,"徐欣瑩","女",2140,"26.12%","民國黨","新竹縣","橫山鄉"
"303","◎",1,"楊文科","男",2769,"46.27%","中國國民黨","新竹縣","北埔鄉"
"304","",2,"葉芳棟","男",115,"1.92%","無","新竹縣","北埔鄉"
"305","",3,"鄭朝方","男",1741,"29.09%","民主進步黨","新竹縣","北埔鄉"
"306","",4,"徐欣瑩","女",1359,"22.71%","民國黨","新竹縣","北埔鄉"
"307","◎",1,"楊文科","男",4172,"45.93%","中國國民黨","新竹縣","寶山鄉"
"308","",2,"葉芳棟","男",133,"1.46%","無","新竹縣","寶山鄉"
"309","",3,"鄭朝方","男",2465,"27.14%","民主進步黨","新竹縣","寶山鄉"
"310","",4,"徐欣瑩","女",2313,"25.47%","民國黨","新竹縣","寶山鄉"
"311","◎",1,"楊文科","男",2218,"53.52%","中國國民黨","新竹縣","峨眉鄉"
"312","",2,"葉芳棟","男",57,"1.38%","無","新竹縣","峨眉鄉"
"313","",3,"鄭朝方","男",1123,"27.10%","民主進步黨","新竹縣","峨眉鄉"
"314","",4,"徐欣瑩","女",746,"18.00%","民國黨","新竹縣","峨眉鄉"
"315","◎",1,"楊文科","男",2836,"51.39%","中國國民黨","新竹縣","尖石鄉"
"316","",2,"葉芳棟","男",68,"1.23%","無","新竹縣","尖石鄉"
"317","",3,"鄭朝方","男",1525,"27.63%","民主進步黨","新竹縣","尖石鄉"
"318","",4,"徐欣瑩","女",1090,"19.75%","民國黨","新竹縣","尖石鄉"
"319","◎",1,"楊文科","男",1398,"45.33%","中國國民黨","新竹縣","五峰鄉"
"320","",2,"葉芳棟","男",23,"0.75%","無","新竹縣","五峰鄉"
"321","",3,"鄭朝方","男",963,"31.23%","民主進步黨","新竹縣","五峰鄉"
"322","",4,"徐欣瑩","女",700,"22.70%","民國黨","新竹縣","五峰鄉"
"323","",1,"謝文進","男",19364,"19.45%","無","新竹市","在東區"
"324","",2,"李驥羣","男",323,"0.32%","無","新竹市","在東區"
"325","",3,"黃源甫","男",2165,"2.17%","無","新竹市","在東區"
"326","",4,"許明財","男",29097,"29.23%","中國國民黨","新竹市","在東區"
"327","",5,"郭榮睿","男",261,"0.26%","無","新竹市","在東區"
"328","◎",6,"林智堅","男",48346,"48.56%","民主進步黨","新竹市","在東區"
"329","",1,"謝文進","男",17017,"22.39%","無","新竹市","在北區"
"330","",2,"李驥羣","男",236,"0.31%","無","新竹市","在北區"
"331","",3,"黃源甫","男",1053,"1.39%","無","新竹市","在北區"
"332","",4,"許明財","男",20850,"27.43%","中國國民黨","新竹市","在北區"
"333","",5,"郭榮睿","男",195,"0.26%","無","新竹市","在北區"
"334","◎",6,"林智堅","男",36655,"48.23%","民主進步黨","新竹市","在北區"
"335","",1,"謝文進","男",7720,"18.58%","無","新竹市","香山區"
"336","",2,"李驥羣","男",146,"0.35%","無","新竹市","香山區"
"337","",3,"黃源甫","男",385,"0.93%","無","新竹市","香山區"
"338","",4,"許明財","男",10561,"25.42%","中國國民黨","新竹市","香山區"
"339","",5,"郭榮睿","男",118,"0.28%","無","新竹市","香山區"
"340","◎",6,"林智堅","男",22611,"54.43%","民主進步黨","新竹市","香山區"
"341","",1,"蘇貞昌","男",131905,"46.03%","民主進步黨","新北市","板橋區"
"342","◎",2,"侯友宜","男",154687,"53.97%","中國國民黨","新北市","板橋區"
"343","",1,"蘇貞昌","男",100823,"50.22%","民主進步黨","新北市","三重區"
"344","◎",2,"侯友宜","男",99925,"49.78%","中國國民黨","新北市","三重區"
"345","",1,"蘇貞昌","男",80552,"36.69%","民主進步黨","新北市","中和區"
"346","◎",2,"侯友宜","男",139022,"63.31%","中國國民黨","新北市","中和區"
"347","",1,"蘇貞昌","男",38286,"32.54%","民主進步黨","新北市","永和區"
"348","◎",2,"侯友宜","男",79362,"67.46%","中國國民黨","新北市","永和區"
"349","",1,"蘇貞昌","男",101046,"48.28%","民主進步黨","新北市","新莊區"
"350","◎",2,"侯友宜","男",108240,"51.72%","中國國民黨","新北市","新莊區"
"351","",1,"蘇貞昌","男",49933,"31.27%","民主進步黨","新北市","新店區"
"352","◎",2,"侯友宜","男",109759,"68.73%","中國國民黨","新北市","新店區"
"353","",1,"蘇貞昌","男",41600,"45.87%","民主進步黨","新北市","樹林區"
"354","◎",2,"侯友宜","男",49090,"54.13%","中國國民黨","新北市","樹林區"
"355","",1,"蘇貞昌","男",20360,"46.51%","民主進步黨","新北市","鶯歌區"
"356","◎",2,"侯友宜","男",23419,"53.49%","中國國民黨","新北市","鶯歌區"
"357","",1,"蘇貞昌","男",23653,"42.64%","民主進步黨","新北市","三峽區"
"358","◎",2,"侯友宜","男",31822,"57.36%","中國國民黨","新北市","三峽區"
"359","",1,"蘇貞昌","男",33763,"39.67%","民主進步黨","新北市","淡水區"
"360","◎",2,"侯友宜","男",51336,"60.33%","中國國民黨","新北市","淡水區"
"361","",1,"蘇貞昌","男",38639,"38.72%","民主進步黨","新北市","汐止區"
"362","◎",2,"侯友宜","男",61139,"61.28%","中國國民黨","新北市","汐止區"
"363","",1,"蘇貞昌","男",8038,"37.51%","民主進步黨","新北市","瑞芳區"
"364","◎",2,"侯友宜","男",13393,"62.49%","中國國民黨","新北市","瑞芳區"
"365","",1,"蘇貞昌","男",51932,"43.85%","民主進步黨","新北市","土城區"
"366","◎",2,"侯友宜","男",66487,"56.15%","中國國民黨","新北市","土城區"
"367","",1,"蘇貞昌","男",48350,"50.56%","民主進步黨","新北市","蘆洲區"
"368","◎",2,"侯友宜","男",47271,"49.44%","中國國民黨","新北市","蘆洲區"
"369","",1,"蘇貞昌","男",20372,"47.77%","民主進步黨","新北市","五股區"
"370","◎",2,"侯友宜","男",22276,"52.23%","中國國民黨","新北市","五股區"
"371","",1,"蘇貞昌","男",17627,"45.77%","民主進步黨","新北市","泰山區"
"372","◎",2,"侯友宜","男",20885,"54.23%","中國國民黨","新北市","泰山區"
"373","",1,"蘇貞昌","男",20883,"40.92%","民主進步黨","新北市","林口區"
"374","◎",2,"侯友宜","男",30150,"59.08%","中國國民黨","新北市","林口區"
"375","",1,"蘇貞昌","男",5153,"40.03%","民主進步黨","新北市","深坑區"
"376","◎",2,"侯友宜","男",7720,"59.97%","中國國民黨","新北市","深坑區"
"377","",1,"蘇貞昌","男",2488,"52.27%","民主進步黨","新北市","石碇區"
"378","◎",2,"侯友宜","男",2272,"47.73%","中國國民黨","新北市","石碇區"
"379","",1,"蘇貞昌","男",2255,"55.46%","民主進步黨","新北市","坪林區"
"380","◎",2,"侯友宜","男",1811,"44.54%","中國國民黨","新北市","坪林區"
"381","",1,"蘇貞昌","男",4915,"40.60%","民主進步黨","新北市","三芝區"
"382","◎",2,"侯友宜","男",7191,"59.40%","中國國民黨","新北市","三芝區"
"383","",1,"蘇貞昌","男",2928,"41.30%","民主進步黨","新北市","石門區"
"384","◎",2,"侯友宜","男",4162,"58.70%","中國國民黨","新北市","石門區"
"385","",1,"蘇貞昌","男",8982,"46.00%","民主進步黨","新北市","八里區"
"386","◎",2,"侯友宜","男",10545,"54.00%","中國國民黨","新北市","八里區"
"387","",1,"蘇貞昌","男",1417,"46.72%","民主進步黨","新北市","平溪區"
"388","◎",2,"侯友宜","男",1616,"53.28%","中國國民黨","新北市","平溪區"
"389","",1,"蘇貞昌","男",2423,"44.18%","民主進步黨","新北市","雙溪區"
"390","◎",2,"侯友宜","男",3062,"55.82%","中國國民黨","新北市","雙溪區"
"391","",1,"蘇貞昌","男",3698,"54.21%","民主進步黨","新北市","貢寮區"
"392","◎",2,"侯友宜","男",3123,"45.79%","中國國民黨","新北市","貢寮區"
"393","",1,"蘇貞昌","男",5344,"46.11%","民主進步黨","新北市","金山區"
"394","◎",2,"侯友宜","男",6246,"53.89%","中國國民黨","新北市","金山區"
"395","",1,"蘇貞昌","男",4928,"42.95%","民主進步黨","新北市","萬里區"
"396","◎",2,"侯友宜","男",6547,"57.05%","中國國民黨","新北市","萬里區"
"397","",1,"蘇貞昌","男",1399,"35.23%","民主進步黨","新北市","烏來區"
"398","◎",2,"侯友宜","男",2572,"64.77%","中國國民黨","新北市","烏來區"
"399","",1,"朱梅雪","男",4084,"2.10%","無","桃園市","桃園區"
"400","",2,"陳學聖","男",73799,"37.98%","中國國民黨","桃園市","桃園區"
"401","",3,"楊麗環","女",14752,"7.59%","無","桃園市","桃園區"
"402","",4,"吳富彤","男",424,"0.22%","無","桃園市","桃園區"
"403","◎",5,"鄭文燦","男",101241,"52.11%","民主進步黨","桃園市","桃園區"
"404","",1,"朱梅雪","男",3250,"1.68%","無","桃園市","中壢區"
"405","",2,"陳學聖","男",88154,"45.69%","中國國民黨","桃園市","中壢區"
"406","",3,"楊麗環","女",6829,"3.54%","無","桃園市","中壢區"
"407","",4,"吳富彤","男",561,"0.29%","無","桃園市","中壢區"
"408","◎",5,"鄭文燦","男",94164,"48.80%","民主進步黨","桃園市","中壢區"
"409","",1,"朱梅雪","男",610,"1.28%","無","桃園市","大溪區"
"410","",2,"陳學聖","男",16271,"34.10%","中國國民黨","桃園市","大溪區"
"411","",3,"楊麗環","女",1897,"3.98%","無","桃園市","大溪區"
"412","",4,"吳富彤","男",190,"0.40%","無","桃園市","大溪區"
"413","◎",5,"鄭文燦","男",28746,"60.25%","民主進步黨","桃園市","大溪區"
"414","",1,"朱梅雪","男",1204,"1.55%","無","桃園市","楊梅區"
"415","",2,"陳學聖","男",32538,"41.85%","中國國民黨","桃園市","楊梅區"
"416","",3,"楊麗環","女",3387,"4.36%","無","桃園市","楊梅區"
"417","",4,"吳富彤","男",348,"0.45%","無","桃園市","楊梅區"
"418","◎",5,"鄭文燦","男",40272,"51.80%","民主進步黨","桃園市","楊梅區"
"419","",1,"朱梅雪","男",1610,"2.23%","無","桃園市","蘆竹區"
"420","",2,"陳學聖","男",24164,"33.50%","中國國民黨","桃園市","蘆竹區"
"421","",3,"楊麗環","女",4197,"5.82%","無","桃園市","蘆竹區"
"422","",4,"吳富彤","男",214,"0.30%","無","桃園市","蘆竹區"
"423","◎",5,"鄭文燦","男",41938,"58.15%","民主進步黨","桃園市","蘆竹區"
"424","",1,"朱梅雪","男",795,"1.77%","無","桃園市","大園區"
"425","",2,"陳學聖","男",13865,"30.80%","中國國民黨","桃園市","大園區"
"426","",3,"楊麗環","女",2508,"5.57%","無","桃園市","大園區"
"427","",4,"吳富彤","男",201,"0.45%","無","桃園市","大園區"
"428","◎",5,"鄭文燦","男",27652,"61.42%","民主進步黨","桃園市","大園區"
"429","",1,"朱梅雪","男",1372,"1.89%","無","桃園市","龜山區"
"430","",2,"陳學聖","男",26791,"36.96%","中國國民黨","桃園市","龜山區"
"431","",3,"楊麗環","女",4071,"5.62%","無","桃園市","龜山區"
"432","",4,"吳富彤","男",256,"0.35%","無","桃園市","龜山區"
"433","◎",5,"鄭文燦","男",39998,"55.18%","民主進步黨","桃園市","龜山區"
"434","",1,"朱梅雪","男",1633,"1.74%","無","桃園市","八德區"
"435","",2,"陳學聖","男",36314,"38.61%","中國國民黨","桃園市","八德區"
"436","",3,"楊麗環","女",4174,"4.44%","無","桃園市","八德區"
"437","",4,"吳富彤","男",273,"0.29%","無","桃園市","八德區"
"438","◎",5,"鄭文燦","男",51667,"54.93%","民主進步黨","桃園市","八德區"
"439","",1,"朱梅雪","男",979,"1.64%","無","桃園市","龍潭區"
"440","",2,"陳學聖","男",27385,"45.77%","中國國民黨","桃園市","龍潭區"
"441","",3,"楊麗環","女",2296,"3.84%","無","桃園市","龍潭區"
"442","",4,"吳富彤","男",568,"0.95%","無","桃園市","龍潭區"
"443","◎",5,"鄭文燦","男",28610,"47.81%","民主進步黨","桃園市","龍潭區"
"444","",1,"朱梅雪","男",1694,"1.58%","無","桃園市","平鎮區"
"445","",2,"陳學聖","男",45697,"42.62%","中國國民黨","桃園市","平鎮區"
"446","",3,"楊麗環","女",3846,"3.59%","無","桃園市","平鎮區"
"447","",4,"吳富彤","男",483,"0.45%","無","桃園市","平鎮區"
"448","◎",5,"鄭文燦","男",55507,"51.77%","民主進步黨","桃園市","平鎮區"
"449","",1,"朱梅雪","男",370,"1.29%","無","桃園市","新屋區"
"450","",2,"陳學聖","男",9164,"31.94%","中國國民黨","桃園市","新屋區"
"451","",3,"楊麗環","女",1434,"5.00%","無","桃園市","新屋區"
"452","",4,"吳富彤","男",141,"0.49%","無","桃園市","新屋區"
"453","◎",5,"鄭文燦","男",17581,"61.28%","民主進步黨","桃園市","新屋區"
"454","",1,"朱梅雪","男",556,"1.64%","無","桃園市","觀音區"
"455","",2,"陳學聖","男",10126,"29.80%","中國國民黨","桃園市","觀音區"
"456","",3,"楊麗環","女",1833,"5.39%","無","桃園市","觀音區"
"457","",4,"吳富彤","男",176,"0.52%","無","桃園市","觀音區"
"458","◎",5,"鄭文燦","男",21285,"62.65%","民主進步黨","桃園市","觀音區"
"459","",1,"朱梅雪","男",43,"0.61%","無","桃園市","復興區"
"460","",2,"陳學聖","男",2966,"42.35%","中國國民黨","桃園市","復興區"
"461","",3,"楊麗環","女",294,"4.20%","無","桃園市","復興區"
"462","",4,"吳富彤","男",32,"0.46%","無","桃園市","復興區"
"463","◎",5,"鄭文燦","男",3669,"52.38%","民主進步黨","桃園市","復興區"
"464","",1,"宋原通","男",86,"0.94%","無","臺中市","在中區"
"465","",2,"林佳龍","男",4173,"45.77%","民主進步黨","臺中市","在中區"
"466","◎",3,"盧秀燕","女",4859,"53.29%","中國國民黨","臺中市","在中區"
"467","",1,"宋原通","男",458,"1.10%","無","臺中市","在東區"
"468","",2,"林佳龍","男",19078,"45.87%","民主進步黨","臺中市","在東區"
"469","◎",3,"盧秀燕","女",22055,"53.03%","中國國民黨","臺中市","在東區"
"470","",1,"宋原通","男",658,"0.99%","無","臺中市","在南區"
"471","",2,"林佳龍","男",28330,"42.77%","民主進步黨","臺中市","在南區"
"472","◎",3,"盧秀燕","女",37250,"56.24%","中國國民黨","臺中市","在南區"
"473","",1,"宋原通","男",618,"1.03%","無","臺中市","在西區"
"474","",2,"林佳龍","男",25616,"42.86%","民主進步黨","臺中市","在西區"
"475","◎",3,"盧秀燕","女",33534,"56.11%","中國國民黨","臺中市","在西區"
"476","",1,"宋原通","男",745,"0.97%","無","臺中市","在北區"
"477","",2,"林佳龍","男",30187,"39.36%","民主進步黨","臺中市","在北區"
"478","◎",3,"盧秀燕","女",45769,"59.67%","中國國民黨","臺中市","在北區"
"479","",1,"宋原通","男",1083,"0.97%","無","臺中市","西屯區"
"480","",2,"林佳龍","男",43307,"38.73%","民主進步黨","臺中市","西屯區"
"481","◎",3,"盧秀燕","女",67437,"60.30%","中國國民黨","臺中市","西屯區"
"482","",1,"宋原通","男",914,"1.08%","無","臺中市","南屯區"
"483","",2,"林佳龍","男",34396,"40.73%","民主進步黨","臺中市","南屯區"
"484","◎",3,"盧秀燕","女",49134,"58.19%","中國國民黨","臺中市","南屯區"
"485","",1,"宋原通","男",1268,"0.91%","無","臺中市","北屯區"
"486","",2,"林佳龍","男",53504,"38.42%","民主進步黨","臺中市","北屯區"
"487","◎",3,"盧秀燕","女",84485,"60.67%","中國國民黨","臺中市","北屯區"
"488","",1,"宋原通","男",986,"1.10%","無","臺中市","豐原區"
"489","",2,"林佳龍","男",42504,"47.27%","民主進步黨","臺中市","豐原區"
"490","◎",3,"盧秀燕","女",46436,"51.64%","中國國民黨","臺中市","豐原區"
"491","",1,"宋原通","男",330,"1.13%","無","臺中市","東勢區"
"492","",2,"林佳龍","男",10727,"36.64%","民主進步黨","臺中市","東勢區"
"493","◎",3,"盧秀燕","女",18216,"62.23%","中國國民黨","臺中市","東勢區"
"494","",1,"宋原通","男",484,"1.15%","無","臺中市","大甲區"
"495","",2,"林佳龍","男",18523,"44.14%","民主進步黨","臺中市","大甲區"
"496","◎",3,"盧秀燕","女",22958,"54.71%","中國國民黨","臺中市","大甲區"
"497","",1,"宋原通","男",525,"1.07%","無","臺中市","清水區"
"498","",2,"林佳龍","男",22912,"46.80%","民主進步黨","臺中市","清水區"
"499","◎",3,"盧秀燕","女",25523,"52.13%","中國國民黨","臺中市","清水區"
"500","",1,"宋原通","男",530,"1.10%","無","臺中市","沙鹿區"
"501","",2,"林佳龍","男",20835,"43.27%","民主進步黨","臺中市","沙鹿區"
"502","◎",3,"盧秀燕","女",26784,"55.63%","中國國民黨","臺中市","沙鹿區"
"503","",1,"宋原通","男",365,"1.19%","無","臺中市","梧棲區"
"504","",2,"林佳龍","男",14663,"47.67%","民主進步黨","臺中市","梧棲區"
"505","◎",3,"盧秀燕","女",15729,"51.14%","中國國民黨","臺中市","梧棲區"
"506","",1,"宋原通","男",420,"1.36%","無","臺中市","后里區"
"507","",2,"林佳龍","男",12815,"41.46%","民主進步黨","臺中市","后里區"
"508","◎",3,"盧秀燕","女",17677,"57.18%","中國國民黨","臺中市","后里區"
"509","",1,"宋原通","男",424,"1.16%","無","臺中市","神岡區"
"510","",2,"林佳龍","男",18095,"49.65%","民主進步黨","臺中市","神岡區"
"511","◎",3,"盧秀燕","女",17928,"49.19%","中國國民黨","臺中市","神岡區"
"512","",1,"宋原通","男",581,"1.01%","無","臺中市","潭子區"
"513","",2,"林佳龍","男",24836,"43.30%","民主進步黨","臺中市","潭子區"
"514","◎",3,"盧秀燕","女",31938,"55.68%","中國國民黨","臺中市","潭子區"
"515","",1,"宋原通","男",592,"1.21%","無","臺中市","大雅區"
"516","",2,"林佳龍","男",20342,"41.74%","民主進步黨","臺中市","大雅區"
"517","◎",3,"盧秀燕","女",27797,"57.04%","中國國民黨","臺中市","大雅區"
"518","",1,"宋原通","男",209,"1.39%","無","臺中市","新社區"
"519","",2,"林佳龍","男",6009,"40.10%","民主進步黨","臺中市","新社區"
"520","◎",3,"盧秀燕","女",8767,"58.51%","中國國民黨","臺中市","新社區"
"521","",1,"宋原通","男",110,"1.21%","無","臺中市","石岡區"
"522","",2,"林佳龍","男",3571,"39.35%","民主進步黨","臺中市","石岡區"
"523","◎",3,"盧秀燕","女",5393,"59.43%","中國國民黨","臺中市","石岡區"
"524","",1,"宋原通","男",215,"1.17%","無","臺中市","外埔區"
"525","",2,"林佳龍","男",7124,"38.76%","民主進步黨","臺中市","外埔區"
"526","◎",3,"盧秀燕","女",11040,"60.07%","中國國民黨","臺中市","外埔區"
"527","",1,"宋原通","男",148,"1.24%","無","臺中市","大安區"
"528","",2,"林佳龍","男",5009,"42.13%","民主進步黨","臺中市","大安區"
"529","◎",3,"盧秀燕","女",6732,"56.62%","中國國民黨","臺中市","大安區"
"530","",1,"宋原通","男",465,"1.15%","無","臺中市","烏日區"
"531","",2,"林佳龍","男",16911,"41.93%","民主進步黨","臺中市","烏日區"
"532","◎",3,"盧秀燕","女",22951,"56.91%","中國國民黨","臺中市","烏日區"
"533","",1,"宋原通","男",388,"1.22%","無","臺中市","大肚區"
"534","",2,"林佳龍","男",13558,"42.68%","民主進步黨","臺中市","大肚區"
"535","◎",3,"盧秀燕","女",17821,"56.10%","中國國民黨","臺中市","大肚區"
"536","",1,"宋原通","男",572,"1.38%","無","臺中市","龍井區"
"537","",2,"林佳龍","男",18048,"43.62%","民主進步黨","臺中市","龍井區"
"538","◎",3,"盧秀燕","女",22757,"55.00%","中國國民黨","臺中市","龍井區"
"539","",1,"宋原通","男",415,"1.11%","無","臺中市","霧峰區"
"540","",2,"林佳龍","男",16151,"43.07%","民主進步黨","臺中市","霧峰區"
"541","◎",3,"盧秀燕","女",20936,"55.83%","中國國民黨","臺中市","霧峰區"
"542","",1,"宋原通","男",1057,"1.12%","無","臺中市","太平區"
"543","",2,"林佳龍","男",40025,"42.27%","民主進步黨","臺中市","太平區"
"544","◎",3,"盧秀燕","女",53613,"56.62%","中國國民黨","臺中市","太平區"
"545","",1,"宋原通","男",1202,"1.14%","無","臺中市","大里區"
"546","",2,"林佳龍","男",46571,"44.23%","民主進步黨","臺中市","大里區"
"547","◎",3,"盧秀燕","女",57527,"54.63%","中國國民黨","臺中市","大里區"
"548","",1,"宋原通","男",71,"1.01%","無","臺中市","和平區"
"549","",2,"林佳龍","男",2035,"28.84%","民主進步黨","臺中市","和平區"
"550","◎",3,"盧秀燕","女",4950,"70.15%","中國國民黨","臺中市","和平區"
"551","◎",1,"黃偉哲","男",13462,"35.26%","民主進步黨","臺南市","新營區"
"552","",2,"高思博","男",14120,"36.98%","中國國民黨","臺南市","新營區"
"553","",3,"林義豐","男",4359,"11.42%","無","臺南市","新營區"
"554","",4,"許忠信","男",1616,"4.23%","無","臺南市","新營區"
"555","",5,"陳永和","男",3176,"8.32%","無","臺南市","新營區"
"556","",6,"蘇煥智","男",1448,"3.79%","無","臺南市","新營區"
"557","◎",1,"黃偉哲","男",6555,"45.92%","民主進步黨","臺南市","鹽水區"
"558","",2,"高思博","男",3981,"27.89%","中國國民黨","臺南市","鹽水區"
"559","",3,"林義豐","男",1618,"11.33%","無","臺南市","鹽水區"
"560","",4,"許忠信","男",566,"3.96%","無","臺南市","鹽水區"
"561","",5,"陳永和","男",862,"6.04%","無","臺南市","鹽水區"
"562","",6,"蘇煥智","男",694,"4.86%","無","臺南市","鹽水區"
"563","◎",1,"黃偉哲","男",7130,"46.44%","民主進步黨","臺南市","白河區"
"564","",2,"高思博","男",4715,"30.71%","中國國民黨","臺南市","白河區"
"565","",3,"林義豐","男",1371,"8.93%","無","臺南市","白河區"
"566","",4,"許忠信","男",562,"3.66%","無","臺南市","白河區"
"567","",5,"陳永和","男",705,"4.59%","無","臺南市","白河區"
"568","",6,"蘇煥智","男",871,"5.67%","無","臺南市","白河區"
"569","◎",1,"黃偉哲","男",5212,"42.68%","民主進步黨","臺南市","柳營區"
"570","",2,"高思博","男",3630,"29.72%","中國國民黨","臺南市","柳營區"
"571","",3,"林義豐","男",1578,"12.92%","無","臺南市","柳營區"
"572","",4,"許忠信","男",506,"4.14%","無","臺南市","柳營區"
"573","",5,"陳永和","男",777,"6.36%","無","臺南市","柳營區"
"574","",6,"蘇煥智","男",510,"4.18%","無","臺南市","柳營區"
"575","◎",1,"黃偉哲","男",6345,"45.95%","民主進步黨","臺南市","後壁區"
"576","",2,"高思博","男",3940,"28.53%","中國國民黨","臺南市","後壁區"
"577","",3,"林義豐","男",1458,"10.56%","無","臺南市","後壁區"
"578","",4,"許忠信","男",552,"4.00%","無","臺南市","後壁區"
"579","",5,"陳永和","男",662,"4.79%","無","臺南市","後壁區"
"580","",6,"蘇煥智","男",852,"6.17%","無","臺南市","後壁區"
"581","◎",1,"黃偉哲","男",4627,"42.01%","民主進步黨","臺南市","東山區"
"582","",2,"高思博","男",3742,"33.97%","中國國民黨","臺南市","東山區"
"583","",3,"林義豐","男",1111,"10.09%","無","臺南市","東山區"
"584","",4,"許忠信","男",495,"4.49%","無","臺南市","東山區"
"585","",5,"陳永和","男",474,"4.30%","無","臺南市","東山區"
"586","",6,"蘇煥智","男",565,"5.13%","無","臺南市","東山區"
"587","◎",1,"黃偉哲","男",11716,"48.58%","民主進步黨","臺南市","麻豆區"
"588","",2,"高思博","男",5630,"23.34%","中國國民黨","臺南市","麻豆區"
"589","",3,"林義豐","男",2086,"8.65%","無","臺南市","麻豆區"
"590","",4,"許忠信","男",1402,"5.81%","無","臺南市","麻豆區"
"591","",5,"陳永和","男",2343,"9.71%","無","臺南市","麻豆區"
"592","",6,"蘇煥智","男",941,"3.90%","無","臺南市","麻豆區"
"593","◎",1,"黃偉哲","男",5492,"42.59%","民主進步黨","臺南市","下營區"
"594","",2,"高思博","男",3767,"29.21%","中國國民黨","臺南市","下營區"
"595","",3,"林義豐","男",1449,"11.24%","無","臺南市","下營區"
"596","",4,"許忠信","男",664,"5.15%","無","臺南市","下營區"
"597","",5,"陳永和","男",1031,"8.00%","無","臺南市","下營區"
"598","",6,"蘇煥智","男",492,"3.82%","無","臺南市","下營區"
"599","◎",1,"黃偉哲","男",5309,"43.24%","民主進步黨","臺南市","六甲區"
"600","",2,"高思博","男",3260,"26.55%","中國國民黨","臺南市","六甲區"
"601","",3,"林義豐","男",1381,"11.25%","無","臺南市","六甲區"
"602","",4,"許忠信","男",674,"5.49%","無","臺南市","六甲區"
"603","",5,"陳永和","男",1022,"8.32%","無","臺南市","六甲區"
"604","",6,"蘇煥智","男",633,"5.16%","無","臺南市","六甲區"
"605","◎",1,"黃偉哲","男",5514,"45.37%","民主進步黨","臺南市","官田區"
"606","",2,"高思博","男",3107,"25.56%","中國國民黨","臺南市","官田區"
"607","",3,"林義豐","男",1265,"10.41%","無","臺南市","官田區"
"608","",4,"許忠信","男",678,"5.58%","無","臺南市","官田區"
"609","",5,"陳永和","男",1025,"8.43%","無","臺南市","官田區"
"610","",6,"蘇煥智","男",565,"4.65%","無","臺南市","官田區"
"611","◎",1,"黃偉哲","男",2271,"39.13%","民主進步黨","臺南市","大內區"
"612","",2,"高思博","男",1687,"29.07%","中國國民黨","臺南市","大內區"
"613","",3,"林義豐","男",673,"11.60%","無","臺南市","大內區"
"614","",4,"許忠信","男",397,"6.84%","無","臺南市","大內區"
"615","",5,"陳永和","男",481,"8.29%","無","臺南市","大內區"
"616","",6,"蘇煥智","男",295,"5.08%","無","臺南市","大內區"
"617","◎",1,"黃偉哲","男",12783,"40.53%","民主進步黨","臺南市","佳里區"
"618","",2,"高思博","男",9178,"29.10%","中國國民黨","臺南市","佳里區"
"619","",3,"林義豐","男",3005,"9.53%","無","臺南市","佳里區"
"620","",4,"許忠信","男",2001,"6.34%","無","臺南市","佳里區"
"621","",5,"陳永和","男",3366,"10.67%","無","臺南市","佳里區"
"622","",6,"蘇煥智","男",1205,"3.82%","無","臺南市","佳里區"
"623","◎",1,"黃偉哲","男",6509,"47.08%","民主進步黨","臺南市","學甲區"
"624","",2,"高思博","男",3860,"27.92%","中國國民黨","臺南市","學甲區"
"625","",3,"林義豐","男",1228,"8.88%","無","臺南市","學甲區"
"626","",4,"許忠信","男",570,"4.12%","無","臺南市","學甲區"
"627","",5,"陳永和","男",1107,"8.01%","無","臺南市","學甲區"
"628","",6,"蘇煥智","男",552,"3.99%","無","臺南市","學甲區"
"629","◎",1,"黃偉哲","男",6041,"43.79%","民主進步黨","臺南市","西港區"
"630","",2,"高思博","男",3593,"26.05%","中國國民黨","臺南市","西港區"
"631","",3,"林義豐","男",1387,"10.06%","無","臺南市","西港區"
"632","",4,"許忠信","男",722,"5.23%","無","臺南市","西港區"
"633","",5,"陳永和","男",1536,"11.14%","無","臺南市","西港區"
"634","",6,"蘇煥智","男",515,"3.73%","無","臺南市","西港區"
"635","◎",1,"黃偉哲","男",5670,"43.39%","民主進步黨","臺南市","七股區"
"636","",2,"高思博","男",3251,"24.88%","中國國民黨","臺南市","七股區"
"637","",3,"林義豐","男",1347,"10.31%","無","臺南市","七股區"
"638","",4,"許忠信","男",960,"7.35%","無","臺南市","七股區"
"639","",5,"陳永和","男",1144,"8.75%","無","臺南市","七股區"
"640","",6,"蘇煥智","男",695,"5.32%","無","臺南市","七股區"
"641","◎",1,"黃偉哲","男",5438,"45.68%","民主進步黨","臺南市","將軍區"
"642","",2,"高思博","男",3109,"26.12%","中國國民黨","臺南市","將軍區"
"643","",3,"林義豐","男",1115,"9.37%","無","臺南市","將軍區"
"644","",4,"許忠信","男",873,"7.33%","無","臺南市","將軍區"
"645","",5,"陳永和","男",912,"7.66%","無","臺南市","將軍區"
"646","",6,"蘇煥智","男",457,"3.84%","無","臺南市","將軍區"
"647","◎",1,"黃偉哲","男",2757,"42.63%","民主進步黨","臺南市","北門區"
"648","",2,"高思博","男",1877,"29.02%","中國國民黨","臺南市","北門區"
"649","",3,"林義豐","男",652,"10.08%","無","臺南市","北門區"
"650","",4,"許忠信","男",395,"6.11%","無","臺南市","北門區"
"651","",5,"陳永和","男",448,"6.93%","無","臺南市","北門區"
"652","",6,"蘇煥智","男",339,"5.24%","無","臺南市","北門區"
"653","◎",1,"黃偉哲","男",9154,"38.46%","民主進步黨","臺南市","新化區"
"654","",2,"高思博","男",7591,"31.89%","中國國民黨","臺南市","新化區"
"655","",3,"林義豐","男",2223,"9.34%","無","臺南市","新化區"
"656","",4,"許忠信","男",1102,"4.63%","無","臺南市","新化區"
"657","",5,"陳永和","男",2822,"11.86%","無","臺南市","新化區"
"658","",6,"蘇煥智","男",911,"3.83%","無","臺南市","新化區"
"659","◎",1,"黃偉哲","男",9435,"39.40%","民主進步黨","臺南市","善化區"
"660","",2,"高思博","男",6948,"29.02%","中國國民黨","臺南市","善化區"
"661","",3,"林義豐","男",2001,"8.36%","無","臺南市","善化區"
"662","",4,"許忠信","男",1583,"6.61%","無","臺南市","善化區"
"663","",5,"陳永和","男",2878,"12.02%","無","臺南市","善化區"
"664","",6,"蘇煥智","男",1099,"4.59%","無","臺南市","善化區"
"665","◎",1,"黃偉哲","男",7027,"37.42%","民主進步黨","臺南市","新市區"
"666","",2,"高思博","男",5034,"26.81%","中國國民黨","臺南市","新市區"
"667","",3,"林義豐","男",1605,"8.55%","無","臺南市","新市區"
"668","",4,"許忠信","男",2012,"10.71%","無","臺南市","新市區"
"669","",5,"陳永和","男",2340,"12.46%","無","臺南市","新市區"
"670","",6,"蘇煥智","男",762,"4.06%","無","臺南市","新市區"
"671","◎",1,"黃偉哲","男",6643,"40.09%","民主進步黨","臺南市","安定區"
"672","",2,"高思博","男",4752,"28.67%","中國國民黨","臺南市","安定區"
"673","",3,"林義豐","男",1576,"9.51%","無","臺南市","安定區"
"674","",4,"許忠信","男",899,"5.42%","無","臺南市","安定區"
"675","",5,"陳永和","男",1997,"12.05%","無","臺南市","安定區"
"676","",6,"蘇煥智","男",705,"4.25%","無","臺南市","安定區"
"677","◎",1,"黃偉哲","男",1521,"37.37%","民主進步黨","臺南市","山上區"
"678","",2,"高思博","男",1244,"30.57%","中國國民黨","臺南市","山上區"
"679","",3,"林義豐","男",467,"11.47%","無","臺南市","山上區"
"680","",4,"許忠信","男",217,"5.33%","無","臺南市","山上區"
"681","",5,"陳永和","男",423,"10.39%","無","臺南市","山上區"
"682","",6,"蘇煥智","男",198,"4.86%","無","臺南市","山上區"
"683","◎",1,"黃偉哲","男",2656,"32.54%","民主進步黨","臺南市","玉井區"
"684","",2,"高思博","男",3442,"42.17%","中國國民黨","臺南市","玉井區"
"685","",3,"林義豐","男",665,"8.15%","無","臺南市","玉井區"
"686","",4,"許忠信","男",302,"3.70%","無","臺南市","玉井區"
"687","",5,"陳永和","男",632,"7.74%","無","臺南市","玉井區"
"688","",6,"蘇煥智","男",465,"5.70%","無","臺南市","玉井區"
"689","◎",1,"黃偉哲","男",1576,"28.48%","民主進步黨","臺南市","楠西區"
"690","",2,"高思博","男",2687,"48.56%","中國國民黨","臺南市","楠西區"
"691","",3,"林義豐","男",400,"7.23%","無","臺南市","楠西區"
"692","",4,"許忠信","男",218,"3.94%","無","臺南市","楠西區"
"693","",5,"陳永和","男",353,"6.38%","無","臺南市","楠西區"
"694","",6,"蘇煥智","男",299,"5.40%","無","臺南市","楠西區"
"695","◎",1,"黃偉哲","男",1792,"33.17%","民主進步黨","臺南市","南化區"
"696","",2,"高思博","男",2229,"41.26%","中國國民黨","臺南市","南化區"
"697","",3,"林義豐","男",474,"8.77%","無","臺南市","南化區"
"698","",4,"許忠信","男",173,"3.20%","無","臺南市","南化區"
"699","",5,"陳永和","男",402,"7.44%","無","臺南市","南化區"
"700","",6,"蘇煥智","男",332,"6.15%","無","臺南市","南化區"
"701","◎",1,"黃偉哲","男",1233,"41.80%","民主進步黨","臺南市","左鎮區"
"702","",2,"高思博","男",939,"31.83%","中國國民黨","臺南市","左鎮區"
"703","",3,"林義豐","男",195,"6.61%","無","臺南市","左鎮區"
"704","",4,"許忠信","男",211,"7.15%","無","臺南市","左鎮區"
"705","",5,"陳永和","男",221,"7.49%","無","臺南市","左鎮區"
"706","",6,"蘇煥智","男",151,"5.12%","無","臺南市","左鎮區"
"707","◎",1,"黃偉哲","男",14717,"36.41%","民主進步黨","臺南市","仁德區"
"708","",2,"高思博","男",12883,"31.88%","中國國民黨","臺南市","仁德區"
"709","",3,"林義豐","男",3522,"8.71%","無","臺南市","仁德區"
"710","",4,"許忠信","男",1537,"3.80%","無","臺南市","仁德區"
"711","",5,"陳永和","男",5911,"14.63%","無","臺南市","仁德區"
"712","",6,"蘇煥智","男",1846,"4.57%","無","臺南市","仁德區"
"713","◎",1,"黃偉哲","男",13413,"37.57%","民主進步黨","臺南市","歸仁區"
"714","",2,"高思博","男",9264,"25.95%","中國國民黨","臺南市","歸仁區"
"715","",3,"林義豐","男",2942,"8.24%","無","臺南市","歸仁區"
"716","",4,"許忠信","男",1292,"3.62%","無","臺南市","歸仁區"
"717","",5,"陳永和","男",7202,"20.17%","無","臺南市","歸仁區"
"718","",6,"蘇煥智","男",1588,"4.45%","無","臺南市","歸仁區"
"719","◎",1,"黃偉哲","男",7670,"37.11%","民主進步黨","臺南市","關廟區"
"720","",2,"高思博","男",5323,"25.76%","中國國民黨","臺南市","關廟區"
"721","",3,"林義豐","男",1580,"7.65%","無","臺南市","關廟區"
"722","",4,"許忠信","男",573,"2.77%","無","臺南市","關廟區"
"723","",5,"陳永和","男",4778,"23.12%","無","臺南市","關廟區"
"724","",6,"蘇煥智","男",742,"3.59%","無","臺南市","關廟區"
"725","◎",1,"黃偉哲","男",814,"29.24%","民主進步黨","臺南市","龍崎區"
"726","",2,"高思博","男",676,"24.28%","中國國民黨","臺南市","龍崎區"
"727","",3,"林義豐","男",180,"6.47%","無","臺南市","龍崎區"
"728","",4,"許忠信","男",82,"2.95%","無","臺南市","龍崎區"
"729","",5,"陳永和","男",917,"32.94%","無","臺南市","龍崎區"
"730","",6,"蘇煥智","男",115,"4.13%","無","臺南市","龍崎區"
"731","◎",1,"黃偉哲","男",38762,"34.70%","民主進步黨","臺南市","永康區"
"732","",2,"高思博","男",38892,"34.81%","中國國民黨","臺南市","永康區"
"733","",3,"林義豐","男",9587,"8.58%","無","臺南市","永康區"
"734","",4,"許忠信","男",4676,"4.19%","無","臺南市","永康區"
"735","",5,"陳永和","男",15007,"13.43%","無","臺南市","永康區"
"736","",6,"蘇煥智","男",4787,"4.29%","無","臺南市","永康區"
"737","◎",1,"黃偉哲","男",28636,"32.27%","民主進步黨","臺南市","在東區"
"738","",2,"高思博","男",36041,"40.61%","中國國民黨","臺南市","在東區"
"739","",3,"林義豐","男",5457,"6.15%","無","臺南市","在東區"
"740","",4,"許忠信","男",3522,"3.97%","無","臺南市","在東區"
"741","",5,"陳永和","男",11681,"13.16%","無","臺南市","在東區"
"742","",6,"蘇煥智","男",3410,"3.84%","無","臺南市","在東區"
"743","◎",1,"黃偉哲","男",25068,"39.35%","民主進步黨","臺南市","在南區"
"744","",2,"高思博","男",21036,"33.02%","中國國民黨","臺南市","在南區"
"745","",3,"林義豐","男",5430,"8.52%","無","臺南市","在南區"
"746","",4,"許忠信","男",2585,"4.06%","無","臺南市","在南區"
"747","",5,"陳永和","男",7661,"12.03%","無","臺南市","在南區"
"748","",6,"蘇煥智","男",1925,"3.02%","無","臺南市","在南區"
"749","◎",1,"黃偉哲","男",22694,"34.49%","民主進步黨","臺南市","在北區"
"750","",2,"高思博","男",24690,"37.52%","中國國民黨","臺南市","在北區"
"751","",3,"林義豐","男",4510,"6.85%","無","臺南市","在北區"
"752","",4,"許忠信","男",2851,"4.33%","無","臺南市","在北區"
"753","",5,"陳永和","男",8547,"12.99%","無","臺南市","在北區"
"754","",6,"蘇煥智","男",2515,"3.82%","無","臺南市","在北區"
"755","◎",1,"黃偉哲","男",36754,"38.42%","民主進步黨","臺南市","安南區"
"756","",2,"高思博","男",27865,"29.13%","中國國民黨","臺南市","安南區"
"757","",3,"林義豐","男",9225,"9.64%","無","臺南市","安南區"
"758","",4,"許忠信","男",4807,"5.02%","無","臺南市","安南區"
"759","",5,"陳永和","男",13357,"13.96%","無","臺南市","安南區"
"760","",6,"蘇煥智","男",3655,"3.82%","無","臺南市","安南區"
"761","◎",1,"黃偉哲","男",10276,"34.24%","民主進步黨","臺南市","安平區"
"762","",2,"高思博","男",11056,"36.84%","中國國民黨","臺南市","安平區"
"763","",3,"林義豐","男",2479,"8.26%","無","臺南市","安平區"
"764","",4,"許忠信","男",1034,"3.45%","無","臺南市","安平區"
"765","",5,"陳永和","男",4075,"13.58%","無","臺南市","安平區"
"766","",6,"蘇煥智","男",1088,"3.63%","無","臺南市","安平區"
"767","◎",1,"黃偉哲","男",14846,"37.54%","民主進步黨","臺南市","中西區"
"768","",2,"高思博","男",13835,"34.98%","中國國民黨","臺南市","中西區"
"769","",3,"林義豐","男",2552,"6.45%","無","臺南市","中西區"
"770","",4,"許忠信","男",1859,"4.70%","無","臺南市","中西區"
"771","",5,"陳永和","男",4904,"12.40%","無","臺南市","中西區"
"772","",6,"蘇煥智","男",1556,"3.93%","無","臺南市","中西區"
"773","",1,"鄺麗貞","女",994,"1.78%","無","臺東縣","臺東市"
"774","",2,"劉櫂豪","男",22681,"40.72%","民主進步黨","臺東縣","臺東市"
"775","",3,"黃裕斌","男",282,"0.51%","無","臺東縣","臺東市"
"776","",4,"彭權國","男",525,"0.94%","無","臺東縣","臺東市"
"777","◎",5,"饒慶鈴","女",31213,"56.04%","中國國民黨","臺東縣","臺東市"
"778","",1,"鄺麗貞","女",251,"3.41%","無","臺東縣","成功鎮"
"779","",2,"劉櫂豪","男",2536,"34.41%","民主進步黨","臺東縣","成功鎮"
"780","",3,"黃裕斌","男",43,"0.58%","無","臺東縣","成功鎮"
"781","",4,"彭權國","男",59,"0.80%","無","臺東縣","成功鎮"
"782","◎",5,"饒慶鈴","女",4481,"60.80%","中國國民黨","臺東縣","成功鎮"
"783","",1,"鄺麗貞","女",120,"2.37%","無","臺東縣","關山鎮"
"784","",2,"劉櫂豪","男",1779,"35.12%","民主進步黨","臺東縣","關山鎮"
"785","",3,"黃裕斌","男",28,"0.55%","無","臺東縣","關山鎮"
"786","",4,"彭權國","男",44,"0.87%","無","臺東縣","關山鎮"
"787","◎",5,"饒慶鈴","女",3094,"61.09%","中國國民黨","臺東縣","關山鎮"
"788","",1,"鄺麗貞","女",227,"2.36%","無","臺東縣","卑南鄉"
"789","",2,"劉櫂豪","男",3583,"37.28%","民主進步黨","臺東縣","卑南鄉"
"790","",3,"黃裕斌","男",37,"0.39%","無","臺東縣","卑南鄉"
"791","",4,"彭權國","男",64,"0.67%","無","臺東縣","卑南鄉"
"792","◎",5,"饒慶鈴","女",5699,"59.30%","中國國民黨","臺東縣","卑南鄉"
"793","",1,"鄺麗貞","女",134,"2.93%","無","臺東縣","鹿野鄉"
"794","",2,"劉櫂豪","男",1992,"43.50%","民主進步黨","臺東縣","鹿野鄉"
"795","",3,"黃裕斌","男",33,"0.72%","無","臺東縣","鹿野鄉"
"796","",4,"彭權國","男",35,"0.76%","無","臺東縣","鹿野鄉"
"797","◎",5,"饒慶鈴","女",2385,"52.09%","中國國民黨","臺東縣","鹿野鄉"
"798","",1,"鄺麗貞","女",103,"2.32%","無","臺東縣","池上鄉"
"799","",2,"劉櫂豪","男",1704,"38.40%","民主進步黨","臺東縣","池上鄉"
"800","",3,"黃裕斌","男",23,"0.52%","無","臺東縣","池上鄉"
"801","",4,"彭權國","男",19,"0.43%","無","臺東縣","池上鄉"
"802","◎",5,"饒慶鈴","女",2588,"58.33%","中國國民黨","臺東縣","池上鄉"
"803","",1,"鄺麗貞","女",160,"3.40%","無","臺東縣","東河鄉"
"804","",2,"劉櫂豪","男",1687,"35.83%","民主進步黨","臺東縣","東河鄉"
"805","",3,"黃裕斌","男",31,"0.66%","無","臺東縣","東河鄉"
"806","",4,"彭權國","男",48,"1.02%","無","臺東縣","東河鄉"
"807","◎",5,"饒慶鈴","女",2782,"59.09%","中國國民黨","臺東縣","東河鄉"
"808","",1,"鄺麗貞","女",186,"4.79%","無","臺東縣","長濱鄉"
"809","",2,"劉櫂豪","男",1293,"33.32%","民主進步黨","臺東縣","長濱鄉"
"810","",3,"黃裕斌","男",25,"0.64%","無","臺東縣","長濱鄉"
"811","",4,"彭權國","男",29,"0.75%","無","臺東縣","長濱鄉"
"812","◎",5,"饒慶鈴","女",2347,"60.49%","中國國民黨","臺東縣","長濱鄉"
"813","",1,"鄺麗貞","女",164,"2.46%","無","臺東縣","麻里鄉"
"814","",2,"劉櫂豪","男",2184,"32.75%","民主進步黨","臺東縣","麻里鄉"
"815","",3,"黃裕斌","男",33,"0.49%","無","臺東縣","麻里鄉"
"816","",4,"彭權國","男",37,"0.55%","無","臺東縣","麻里鄉"
"817","◎",5,"饒慶鈴","女",4251,"63.74%","中國國民黨","臺東縣","麻里鄉"
"818","",1,"鄺麗貞","女",126,"3.47%","無","臺東縣","大武鄉"
"819","",2,"劉櫂豪","男",1172,"32.27%","民主進步黨","臺東縣","大武鄉"
"820","",3,"黃裕斌","男",23,"0.63%","無","臺東縣","大武鄉"
"821","",4,"彭權國","男",29,"0.80%","無","臺東縣","大武鄉"
"822","◎",5,"饒慶鈴","女",2282,"62.83%","中國國民黨","臺東縣","大武鄉"
"823","",1,"鄺麗貞","女",48,"2.06%","無","臺東縣","綠島鄉"
"824","",2,"劉櫂豪","男",719,"30.81%","民主進步黨","臺東縣","綠島鄉"
"825","",3,"黃裕斌","男",5,"0.21%","無","臺東縣","綠島鄉"
"826","",4,"彭權國","男",26,"1.11%","無","臺東縣","綠島鄉"
"827","◎",5,"饒慶鈴","女",1536,"65.81%","中國國民黨","臺東縣","綠島鄉"
"828","",1,"鄺麗貞","女",68,"3.06%","無","臺東縣","海端鄉"
"829","",2,"劉櫂豪","男",467,"21.04%","民主進步黨","臺東縣","海端鄉"
"830","",3,"黃裕斌","男",9,"0.41%","無","臺東縣","海端鄉"
"831","",4,"彭權國","男",15,"0.68%","無","臺東縣","海端鄉"
"832","◎",5,"饒慶鈴","女",1661,"74.82%","中國國民黨","臺東縣","海端鄉"
"833","",1,"鄺麗貞","女",104,"4.58%","無","臺東縣","延平鄉"
"834","",2,"劉櫂豪","男",460,"20.25%","民主進步黨","臺東縣","延平鄉"
"835","",3,"黃裕斌","男",20,"0.88%","無","臺東縣","延平鄉"
"836","",4,"彭權國","男",11,"0.48%","無","臺東縣","延平鄉"
"837","◎",5,"饒慶鈴","女",1677,"73.81%","中國國民黨","臺東縣","延平鄉"
"838","",1,"鄺麗貞","女",60,"2.45%","無","臺東縣","金峰鄉"
"839","",2,"劉櫂豪","男",606,"24.75%","民主進步黨","臺東縣","金峰鄉"
"840","",3,"黃裕斌","男",6,"0.25%","無","臺東縣","金峰鄉"
"841","",4,"彭權國","男",6,"0.25%","無","臺東縣","金峰鄉"
"842","◎",5,"饒慶鈴","女",1770,"72.30%","中國國民黨","臺東縣","金峰鄉"
"843","",1,"鄺麗貞","女",97,"3.93%","無","臺東縣","達仁鄉"
"844","",2,"劉櫂豪","男",641,"25.95%","民主進步黨","臺東縣","達仁鄉"
"845","",3,"黃裕斌","男",16,"0.65%","無","臺東縣","達仁鄉"
"846","",4,"彭權國","男",9,"0.36%","無","臺東縣","達仁鄉"
"847","◎",5,"饒慶鈴","女",1707,"69.11%","中國國民黨","臺東縣","達仁鄉"
"848","",1,"鄺麗貞","女",207,"9.72%","無","臺東縣","蘭嶼鄉"
"849","",2,"劉櫂豪","男",760,"35.70%","民主進步黨","臺東縣","蘭嶼鄉"
"850","",3,"黃裕斌","男",26,"1.22%","無","臺東縣","蘭嶼鄉"
"851","",4,"彭權國","男",32,"1.50%","無","臺東縣","蘭嶼鄉"
"852","◎",5,"饒慶鈴","女",1104,"51.86%","中國國民黨","臺東縣","蘭嶼鄉"
"853","",1,"吳蕚洋","男",428,"0.40%","無","臺北市","松山區"
"854","",2,"丁守中","男",46381,"43.36%","中國國民黨","臺北市","松山區"
"855","",3,"姚文智","男",17387,"16.25%","民主進步黨","臺北市","松山區"
"856","◎",4,"柯文哲","男",42356,"39.60%","無","臺北市","松山區"
"857","",5,"李錫錕","男",420,"0.39%","無","臺北市","松山區"
"858","",1,"吳蕚洋","男",502,"0.41%","無","臺北市","信義區"
"859","",2,"丁守中","男",53955,"43.99%","中國國民黨","臺北市","信義區"
"860","",3,"姚文智","男",19934,"16.25%","民主進步黨","臺北市","信義區"
"861","◎",4,"柯文哲","男",47762,"38.94%","無","臺北市","信義區"
"862","",5,"李錫錕","男",512,"0.42%","無","臺北市","信義區"
"863","",1,"吳蕚洋","男",585,"0.37%","無","臺北市","大安區"
"864","",2,"丁守中","男",72325,"45.73%","中國國民黨","臺北市","大安區"
"865","",3,"姚文智","男",23651,"14.95%","民主進步黨","臺北市","大安區"
"866","◎",4,"柯文哲","男",60939,"38.53%","無","臺北市","大安區"
"867","",5,"李錫錕","男",662,"0.42%","無","臺北市","大安區"
"868","",1,"吳蕚洋","男",476,"0.39%","無","臺北市","中山區"
"869","",2,"丁守中","男",46746,"38.38%","中國國民黨","臺北市","中山區"
"870","",3,"姚文智","男",23483,"19.28%","民主進步黨","臺北市","中山區"
"871","◎",4,"柯文哲","男",50604,"41.55%","無","臺北市","中山區"
"872","",5,"李錫錕","男",491,"0.40%","無","臺北市","中山區"
"873","",1,"吳蕚洋","男",370,"0.46%","無","臺北市","中正區"
"874","",2,"丁守中","男",33897,"41.83%","中國國民黨","臺北市","中正區"
"875","",3,"姚文智","男",12633,"15.59%","民主進步黨","臺北市","中正區"
"876","◎",4,"柯文哲","男",33752,"41.65%","無","臺北市","中正區"
"877","",5,"李錫錕","男",378,"0.47%","無","臺北市","中正區"
"878","",1,"吳蕚洋","男",266,"0.38%","無","臺北市","大同區"
"879","",2,"丁守中","男",20763,"29.69%","中國國民黨","臺北市","大同區"
"880","",3,"姚文智","男",16896,"24.16%","民主進步黨","臺北市","大同區"
"881","◎",4,"柯文哲","男",31679,"45.29%","無","臺北市","大同區"
"882","",5,"李錫錕","男",339,"0.48%","無","臺北市","大同區"
"883","",1,"吳蕚洋","男",427,"0.41%","無","臺北市","萬華區"
"884","",2,"丁守中","男",38666,"37.05%","中國國民黨","臺北市","萬華區"
"885","",3,"姚文智","男",21400,"20.50%","民主進步黨","臺北市","萬華區"
"886","◎",4,"柯文哲","男",43411,"41.59%","無","臺北市","萬華區"
"887","",5,"李錫錕","男",464,"0.44%","無","臺北市","萬華區"
"888","",1,"吳蕚洋","男",707,"0.49%","無","臺北市","文山區"
"889","",2,"丁守中","男",68586,"47.15%","中國國民黨","臺北市","文山區"
"890","",3,"姚文智","男",18985,"13.05%","民主進步黨","臺北市","文山區"
"891","◎",4,"柯文哲","男",56479,"38.83%","無","臺北市","文山區"
"892","",5,"李錫錕","男",713,"0.49%","無","臺北市","文山區"
"893","",1,"吳蕚洋","男",287,"0.43%","無","臺北市","南港區"
"894","",2,"丁守中","男",26282,"39.45%","中國國民黨","臺北市","南港區"
"895","",3,"姚文智","男",10830,"16.26%","民主進步黨","臺北市","南港區"
"896","◎",4,"柯文哲","男",28896,"43.37%","無","臺北市","南港區"
"897","",5,"李錫錕","男",325,"0.49%","無","臺北市","南港區"
"898","",1,"吳蕚洋","男",548,"0.37%","無","臺北市","內湖區"
"899","",2,"丁守中","男",61566,"41.02%","中國國民黨","臺北市","內湖區"
"900","",3,"姚文智","男",21746,"14.49%","民主進步黨","臺北市","內湖區"
"901","◎",4,"柯文哲","男",65599,"43.70%","無","臺北市","內湖區"
"902","",5,"李錫錕","男",639,"0.43%","無","臺北市","內湖區"
"903","",1,"吳蕚洋","男",522,"0.34%","無","臺北市","士林區"
"904","",2,"丁守中","男",55954,"36.46%","中國國民黨","臺北市","士林區"
"905","",3,"姚文智","男",33110,"21.57%","民主進步黨","臺北市","士林區"
"906","◎",4,"柯文哲","男",63247,"41.21%","無","臺北市","士林區"
"907","",5,"李錫錕","男",651,"0.42%","無","臺北市","士林區"
"908","",1,"吳蕚洋","男",499,"0.37%","無","臺北市","北投區"
"909","",2,"丁守中","男",52445,"39.08%","中國國民黨","臺北市","北投區"
"910","",3,"姚文智","男",24586,"18.32%","民主進步黨","臺北市","北投區"
"911","◎",4,"柯文哲","男",56096,"41.80%","無","臺北市","北投區"
"912","",5,"李錫錕","男",578,"0.43%","無","臺北市","北投區"
"913","",1,"李鎔任","男",2182,"2.14%","無","屏東縣","屏東市"
"914","",2,"蘇清泉","男",46320,"45.47%","中國國民黨","屏東縣","屏東市"
"915","◎",3,"潘孟安","男",53370,"52.39%","民主進步黨","屏東縣","屏東市"
"916","",1,"李鎔任","男",623,"2.16%","無","屏東縣","潮州鎮"
"917","",2,"蘇清泉","男",12571,"43.62%","中國國民黨","屏東縣","潮州鎮"
"918","◎",3,"潘孟安","男",15628,"54.22%","民主進步黨","屏東縣","潮州鎮"
"919","",1,"李鎔任","男",575,"2.38%","無","屏東縣","東港鎮"
"920","",2,"蘇清泉","男",11387,"47.04%","中國國民黨","屏東縣","東港鎮"
"921","◎",3,"潘孟安","男",12243,"50.58%","民主進步黨","屏東縣","東港鎮"
"922","",1,"李鎔任","男",232,"1.40%","無","屏東縣","恆春鎮"
"923","",2,"蘇清泉","男",6729,"40.55%","中國國民黨","屏東縣","恆春鎮"
"924","◎",3,"潘孟安","男",9632,"58.05%","民主進步黨","屏東縣","恆春鎮"
"925","",1,"李鎔任","男",825,"2.84%","無","屏東縣","萬丹鄉"
"926","",2,"蘇清泉","男",11272,"38.87%","中國國民黨","屏東縣","萬丹鄉"
"927","◎",3,"潘孟安","男",16905,"58.29%","民主進步黨","屏東縣","萬丹鄉"
"928","",1,"李鎔任","男",381,"2.20%","無","屏東縣","長治鄉"
"929","",2,"蘇清泉","男",6939,"40.05%","中國國民黨","屏東縣","長治鄉"
"930","◎",3,"潘孟安","男",10006,"57.75%","民主進步黨","屏東縣","長治鄉"
"931","",1,"李鎔任","男",160,"2.25%","無","屏東縣","麟洛鄉"
"932","",2,"蘇清泉","男",2526,"35.45%","中國國民黨","屏東縣","麟洛鄉"
"933","◎",3,"潘孟安","男",4440,"62.31%","民主進步黨","屏東縣","麟洛鄉"
"934","",1,"李鎔任","男",294,"2.22%","無","屏東縣","九如鄉"
"935","",2,"蘇清泉","男",3977,"30.03%","中國國民黨","屏東縣","九如鄉"
"936","◎",3,"潘孟安","男",8972,"67.75%","民主進步黨","屏東縣","九如鄉"
"937","",1,"李鎔任","男",393,"2.54%","無","屏東縣","里港鄉"
"938","",2,"蘇清泉","男",5371,"34.75%","中國國民黨","屏東縣","里港鄉"
"939","◎",3,"潘孟安","男",9692,"62.71%","民主進步黨","屏東縣","里港鄉"
"940","",1,"李鎔任","男",387,"2.43%","無","屏東縣","鹽埔鄉"
"941","",2,"蘇清泉","男",6561,"41.20%","中國國民黨","屏東縣","鹽埔鄉"
"942","◎",3,"潘孟安","男",8977,"56.37%","民主進步黨","屏東縣","鹽埔鄉"
"943","",1,"李鎔任","男",347,"2.22%","無","屏東縣","高樹鄉"
"944","",2,"蘇清泉","男",5402,"34.53%","中國國民黨","屏東縣","高樹鄉"
"945","◎",3,"潘孟安","男",9897,"63.26%","民主進步黨","屏東縣","高樹鄉"
"946","",1,"李鎔任","男",198,"1.61%","無","屏東縣","萬巒鄉"
"947","",2,"蘇清泉","男",3866,"31.41%","中國國民黨","屏東縣","萬巒鄉"
"948","◎",3,"潘孟安","男",8245,"66.98%","民主進步黨","屏東縣","萬巒鄉"
"949","",1,"李鎔任","男",539,"1.86%","無","屏東縣","內埔鄉"
"950","",2,"蘇清泉","男",10697,"36.84%","中國國民黨","屏東縣","內埔鄉"
"951","◎",3,"潘孟安","男",17799,"61.30%","民主進步黨","屏東縣","內埔鄉"
"952","",1,"李鎔任","男",216,"1.94%","無","屏東縣","竹田鄉"
"953","",2,"蘇清泉","男",4040,"36.23%","中國國民黨","屏東縣","竹田鄉"
"954","◎",3,"潘孟安","男",6894,"61.83%","民主進步黨","屏東縣","竹田鄉"
"955","",1,"李鎔任","男",100,"1.55%","無","屏東縣","新埤鄉"
"956","",2,"蘇清泉","男",2663,"41.34%","中國國民黨","屏東縣","新埤鄉"
"957","◎",3,"潘孟安","男",3678,"57.10%","民主進步黨","屏東縣","新埤鄉"
"958","",1,"李鎔任","男",308,"2.03%","無","屏東縣","枋寮鄉"
"959","",2,"蘇清泉","男",7635,"50.44%","中國國民黨","屏東縣","枋寮鄉"
"960","◎",3,"潘孟安","男",7194,"47.53%","民主進步黨","屏東縣","枋寮鄉"
"961","",1,"李鎔任","男",523,"2.52%","無","屏東縣","新園鄉"
"962","",2,"蘇清泉","男",8167,"39.28%","中國國民黨","屏東縣","新園鄉"
"963","◎",3,"潘孟安","男",12100,"58.20%","民主進步黨","屏東縣","新園鄉"
"964","",1,"李鎔任","男",155,"1.87%","無","屏東縣","崁頂鄉"
"965","",2,"蘇清泉","男",3219,"38.80%","中國國民黨","屏東縣","崁頂鄉"
"966","◎",3,"潘孟安","男",4923,"59.33%","民主進步黨","屏東縣","崁頂鄉"
"967","",1,"李鎔任","男",193,"1.71%","無","屏東縣","林邊鄉"
"968","",2,"蘇清泉","男",4376,"38.84%","中國國民黨","屏東縣","林邊鄉"
"969","◎",3,"潘孟安","男",6699,"59.45%","民主進步黨","屏東縣","林邊鄉"
"970","",1,"李鎔任","男",159,"2.25%","無","屏東縣","南州鄉"
"971","",2,"蘇清泉","男",3024,"42.84%","中國國民黨","屏東縣","南州鄉"
"972","◎",3,"潘孟安","男",3876,"54.91%","民主進步黨","屏東縣","南州鄉"
"973","",1,"李鎔任","男",165,"1.39%","無","屏東縣","佳冬鄉"
"974","",2,"蘇清泉","男",4432,"37.29%","中國國民黨","屏東縣","佳冬鄉"
"975","◎",3,"潘孟安","男",7288,"61.32%","民主進步黨","屏東縣","佳冬鄉"
"976","",1,"李鎔任","男",116,"1.69%","無","屏東縣","琉球鄉"
"977","",2,"蘇清泉","男",4763,"69.26%","中國國民黨","屏東縣","琉球鄉"
"978","◎",3,"潘孟安","男",1998,"29.05%","民主進步黨","屏東縣","琉球鄉"
"979","",1,"李鎔任","男",74,"1.40%","無","屏東縣","車城鄉"
"980","",2,"蘇清泉","男",1786,"33.67%","中國國民黨","屏東縣","車城鄉"
"981","◎",3,"潘孟安","男",3444,"64.93%","民主進步黨","屏東縣","車城鄉"
"982","",1,"李鎔任","男",89,"1.68%","無","屏東縣","滿州鄉"
"983","",2,"蘇清泉","男",1994,"37.68%","中國國民黨","屏東縣","滿州鄉"
"984","◎",3,"潘孟安","男",3209,"60.64%","民主進步黨","屏東縣","滿州鄉"
"985","",1,"李鎔任","男",72,"1.85%","無","屏東縣","枋山鄉"
"986","",2,"蘇清泉","男",1385,"35.63%","中國國民黨","屏東縣","枋山鄉"
"987","◎",3,"潘孟安","男",2430,"62.52%","民主進步黨","屏東縣","枋山鄉"
"988","",1,"李鎔任","男",85,"1.65%","無","屏東縣","地門鄉"
"989","",2,"蘇清泉","男",2895,"56.14%","中國國民黨","屏東縣","地門鄉"
"990","◎",3,"潘孟安","男",2177,"42.21%","民主進步黨","屏東縣","地門鄉"
"991","",1,"李鎔任","男",46,"1.85%","無","屏東縣","霧臺鄉"
"992","",2,"蘇清泉","男",1129,"45.34%","中國國民黨","屏東縣","霧臺鄉"
"993","◎",3,"潘孟安","男",1315,"52.81%","民主進步黨","屏東縣","霧臺鄉"
"994","",1,"李鎔任","男",65,"1.42%","無","屏東縣","瑪家鄉"
"995","",2,"蘇清泉","男",2350,"51.40%","中國國民黨","屏東縣","瑪家鄉"
"996","◎",3,"潘孟安","男",2157,"47.18%","民主進步黨","屏東縣","瑪家鄉"
"997","",1,"李鎔任","男",42,"1.17%","無","屏東縣","泰武鄉"
"998","",2,"蘇清泉","男",1668,"46.62%","中國國民黨","屏東縣","泰武鄉"
"999","◎",3,"潘孟安","男",1868,"52.21%","民主進步黨","屏東縣","泰武鄉"
"1000","",1,"李鎔任","男",64,"1.35%","無","屏東縣","來義鄉"
"1001","",2,"蘇清泉","男",2673,"56.24%","中國國民黨","屏東縣","來義鄉"
"1002","◎",3,"潘孟安","男",2016,"42.42%","民主進步黨","屏東縣","來義鄉"
"1003","",1,"李鎔任","男",71,"2.35%","無","屏東縣","春日鄉"
"1004","",2,"蘇清泉","男",1737,"57.38%","中國國民黨","屏東縣","春日鄉"
"1005","◎",3,"潘孟安","男",1219,"40.27%","民主進步黨","屏東縣","春日鄉"
"1006","",1,"李鎔任","男",72,"2.10%","無","屏東縣","獅子鄉"
"1007","",2,"蘇清泉","男",2192,"64.02%","中國國民黨","屏東縣","獅子鄉"
"1008","◎",3,"潘孟安","男",1160,"33.88%","民主進步黨","屏東縣","獅子鄉"
"1009","",1,"李鎔任","男",68,"2.13%","無","屏東縣","牡丹鄉"
"1010","",2,"蘇清泉","男",1772,"55.41%","中國國民黨","屏東縣","牡丹鄉"
"1011","◎",3,"潘孟安","男",1358,"42.46%","民主進步黨","屏東縣","牡丹鄉"
"1012","",1,"翁珍聖","男",664,"2.13%","無","澎湖縣","馬公市"
"1013","",2,"鄭清發","男",2536,"8.15%","無","澎湖縣","馬公市"
"1014","",3,"陳大松","男",4215,"13.54%","無","澎湖縣","馬公市"
"1015","",4,"吳政隆","男",1606,"5.16%","無","澎湖縣","馬公市"
"1016","◎",5,"賴峰偉","男",12806,"41.14%","中國國民黨","澎湖縣","馬公市"
"1017","",6,"陳光復","男",9043,"29.05%","民主進步黨","澎湖縣","馬公市"
"1018","",7,"呂華苑","女",257,"0.83%","無","澎湖縣","馬公市"
"1019","",1,"翁珍聖","男",93,"1.19%","無","澎湖縣","湖西鄉"
"1020","",2,"鄭清發","男",797,"10.17%","無","澎湖縣","湖西鄉"
"1021","",3,"陳大松","男",563,"7.18%","無","澎湖縣","湖西鄉"
"1022","",4,"吳政隆","男",733,"9.35%","無","澎湖縣","湖西鄉"
"1023","◎",5,"賴峰偉","男",2452,"31.28%","中國國民黨","澎湖縣","湖西鄉"
"1024","",6,"陳光復","男",3084,"39.34%","民主進步黨","澎湖縣","湖西鄉"
"1025","",7,"呂華苑","女",117,"1.49%","無","澎湖縣","湖西鄉"
"1026","",1,"翁珍聖","男",95,"1.86%","無","澎湖縣","白沙鄉"
"1027","",2,"鄭清發","男",322,"6.29%","無","澎湖縣","白沙鄉"
"1028","",3,"陳大松","男",475,"9.28%","無","澎湖縣","白沙鄉"
"1029","",4,"吳政隆","男",306,"5.98%","無","澎湖縣","白沙鄉"
"1030","◎",5,"賴峰偉","男",1951,"38.13%","中國國民黨","澎湖縣","白沙鄉"
"1031","",6,"陳光復","男",1931,"37.74%","民主進步黨","澎湖縣","白沙鄉"
"1032","",7,"呂華苑","女",37,"0.72%","無","澎湖縣","白沙鄉"
"1033","",1,"翁珍聖","男",434,"10.73%","無","澎湖縣","西嶼鄉"
"1034","",2,"鄭清發","男",218,"5.39%","無","澎湖縣","西嶼鄉"
"1035","",3,"陳大松","男",305,"7.54%","無","澎湖縣","西嶼鄉"
"1036","",4,"吳政隆","男",209,"5.17%","無","澎湖縣","西嶼鄉"
"1037","◎",5,"賴峰偉","男",1558,"38.54%","中國國民黨","澎湖縣","西嶼鄉"
"1038","",6,"陳光復","男",1294,"32.01%","民主進步黨","澎湖縣","西嶼鄉"
"1039","",7,"呂華苑","女",25,"0.62%","無","澎湖縣","西嶼鄉"
"1040","",1,"翁珍聖","男",70,"2.40%","無","澎湖縣","望安鄉"
"1041","",2,"鄭清發","男",392,"13.44%","無","澎湖縣","望安鄉"
"1042","",3,"陳大松","男",195,"6.69%","無","澎湖縣","望安鄉"
"1043","",4,"吳政隆","男",88,"3.02%","無","澎湖縣","望安鄉"
"1044","◎",5,"賴峰偉","男",841,"28.84%","中國國民黨","澎湖縣","望安鄉"
"1045","",6,"陳光復","男",1310,"44.92%","民主進步黨","澎湖縣","望安鄉"
"1046","",7,"呂華苑","女",20,"0.69%","無","澎湖縣","望安鄉"
"1047","",1,"翁珍聖","男",23,"1.23%","無","澎湖縣","七美鄉"
"1048","",2,"鄭清發","男",65,"3.47%","無","澎湖縣","七美鄉"
"1049","",3,"陳大松","男",69,"3.68%","無","澎湖縣","七美鄉"
"1050","",4,"吳政隆","男",57,"3.04%","無","澎湖縣","七美鄉"
"1051","◎",5,"賴峰偉","男",962,"51.36%","中國國民黨","澎湖縣","七美鄉"
"1052","",6,"陳光復","男",685,"36.57%","民主進步黨","澎湖縣","七美鄉"
"1053","",7,"呂華苑","女",12,"0.64%","無","澎湖縣","七美鄉"
"1054","◎",1,"林明溱","男",39008,"68.02%","中國國民黨","南投縣","南投市"
"1055","",2,"洪國浩","男",18342,"31.98%","民主進步黨","南投縣","南投市"
"1056","◎",1,"林明溱","男",31617,"70.04%","中國國民黨","南投縣","埔里鎮"
"1057","",2,"洪國浩","男",13527,"29.96%","民主進步黨","南投縣","埔里鎮"
"1058","◎",1,"林明溱","男",29774,"53.79%","中國國民黨","南投縣","草屯鎮"
"1059","",2,"洪國浩","男",25582,"46.21%","民主進步黨","南投縣","草屯鎮"
"1060","◎",1,"林明溱","男",21162,"68.00%","中國國民黨","南投縣","竹山鎮"
"1061","",2,"洪國浩","男",9960,"32.00%","民主進步黨","南投縣","竹山鎮"
"1062","◎",1,"林明溱","男",4774,"68.63%","中國國民黨","南投縣","集集鎮"
"1063","",2,"洪國浩","男",2182,"31.37%","民主進步黨","南投縣","集集鎮"
"1064","◎",1,"林明溱","男",15432,"64.75%","中國國民黨","南投縣","名間鄉"
"1065","",2,"洪國浩","男",8400,"35.25%","民主進步黨","南投縣","名間鄉"
"1066","◎",1,"林明溱","男",8156,"72.48%","中國國民黨","南投縣","鹿谷鄉"
"1067","",2,"洪國浩","男",3096,"27.52%","民主進步黨","南投縣","鹿谷鄉"
"1068","◎",1,"林明溱","男",6940,"70.31%","中國國民黨","南投縣","中寮鄉"
"1069","",2,"洪國浩","男",2931,"29.69%","民主進步黨","南投縣","中寮鄉"
"1070","◎",1,"林明溱","男",6810,"68.99%","中國國民黨","南投縣","魚池鄉"
"1071","",2,"洪國浩","男",3061,"31.01%","民主進步黨","南投縣","魚池鄉"
"1072","◎",1,"林明溱","男",8152,"68.21%","中國國民黨","南投縣","國姓鄉"
"1073","",2,"洪國浩","男",3799,"31.79%","民主進步黨","南投縣","國姓鄉"
"1074","◎",1,"林明溱","男",7621,"69.89%","中國國民黨","南投縣","水里鄉"
"1075","",2,"洪國浩","男",3284,"30.11%","民主進步黨","南投縣","水里鄉"
"1076","◎",1,"林明溱","男",7902,"80.96%","中國國民黨","南投縣","信義鄉"
"1077","",2,"洪國浩","男",1858,"19.04%","民主進步黨","南投縣","信義鄉"
"1078","◎",1,"林明溱","男",8037,"84.82%","中國國民黨","南投縣","仁愛鄉"
"1079","",2,"洪國浩","男",1438,"15.18%","民主進步黨","南投縣","仁愛鄉"
"1080","",1,"朱泰平","男",1070,"2.31%","無","苗栗縣","苗栗市"
"1081","",2,"徐定禎","男",15711,"33.92%","無","苗栗縣","苗栗市"
"1082","",3,"黃玉燕","女",1158,"2.50%","無","苗栗縣","苗栗市"
"1083","◎",4,"徐耀昌","男",28376,"61.27%","中國國民黨","苗栗縣","苗栗市"
"1084","",1,"朱泰平","男",732,"2.81%","無","苗栗縣","苑裡鎮"
"1085","",2,"徐定禎","男",10002,"38.35%","無","苗栗縣","苑裡鎮"
"1086","",3,"黃玉燕","女",1023,"3.92%","無","苗栗縣","苑裡鎮"
"1087","◎",4,"徐耀昌","男",14322,"54.92%","中國國民黨","苗栗縣","苑裡鎮"
"1088","",1,"朱泰平","男",567,"2.73%","無","苗栗縣","通霄鎮"
"1089","",2,"徐定禎","男",10375,"49.99%","無","苗栗縣","通霄鎮"
"1090","",3,"黃玉燕","女",841,"4.05%","無","苗栗縣","通霄鎮"
"1091","◎",4,"徐耀昌","男",8970,"43.22%","中國國民黨","苗栗縣","通霄鎮"
"1092","",1,"朱泰平","男",1138,"2.70%","無","苗栗縣","竹南鎮"
"1093","",2,"徐定禎","男",16806,"39.95%","無","苗栗縣","竹南鎮"
"1094","",3,"黃玉燕","女",1342,"3.19%","無","苗栗縣","竹南鎮"
"1095","◎",4,"徐耀昌","男",22785,"54.16%","中國國民黨","苗栗縣","竹南鎮"
"1096","",1,"朱泰平","男",816,"1.57%","無","苗栗縣","頭份市"
"1097","",2,"徐定禎","男",17558,"33.81%","無","苗栗縣","頭份市"
"1098","",3,"黃玉燕","女",1421,"2.74%","無","苗栗縣","頭份市"
"1099","◎",4,"徐耀昌","男",32143,"61.89%","中國國民黨","苗栗縣","頭份市"
"1100","",1,"朱泰平","男",489,"2.29%","無","苗栗縣","後龍鎮"
"1101","",2,"徐定禎","男",10631,"49.69%","無","苗栗縣","後龍鎮"
"1102","",3,"黃玉燕","女",717,"3.35%","無","苗栗縣","後龍鎮"
"1103","◎",4,"徐耀昌","男",9556,"44.67%","中國國民黨","苗栗縣","後龍鎮"
"1104","",1,"朱泰平","男",435,"4.01%","無","苗栗縣","卓蘭鎮"
"1105","",2,"徐定禎","男",3315,"30.57%","無","苗栗縣","卓蘭鎮"
"1106","",3,"黃玉燕","女",378,"3.49%","無","苗栗縣","卓蘭鎮"
"1107","◎",4,"徐耀昌","男",6717,"61.94%","中國國民黨","苗栗縣","卓蘭鎮"
"1108","",1,"朱泰平","男",305,"3.50%","無","苗栗縣","大湖鄉"
"1109","",2,"徐定禎","男",2791,"32.07%","無","苗栗縣","大湖鄉"
"1110","",3,"黃玉燕","女",225,"2.59%","無","苗栗縣","大湖鄉"
"1111","◎",4,"徐耀昌","男",5382,"61.84%","中國國民黨","苗栗縣","大湖鄉"
"1112","",1,"朱泰平","男",362,"1.93%","無","苗栗縣","公館鄉"
"1113","",2,"徐定禎","男",6446,"34.28%","無","苗栗縣","公館鄉"
"1114","",3,"黃玉燕","女",449,"2.39%","無","苗栗縣","公館鄉"
"1115","◎",4,"徐耀昌","男",11545,"61.40%","中國國民黨","苗栗縣","公館鄉"
"1116","",1,"朱泰平","男",180,"1.68%","無","苗栗縣","銅鑼鄉"
"1117","",2,"徐定禎","男",3894,"36.42%","無","苗栗縣","銅鑼鄉"
"1118","",3,"黃玉燕","女",286,"2.68%","無","苗栗縣","銅鑼鄉"
"1119","◎",4,"徐耀昌","男",6331,"59.22%","中國國民黨","苗栗縣","銅鑼鄉"
"1120","",1,"朱泰平","男",91,"1.51%","無","苗栗縣","南庄鄉"
"1121","",2,"徐定禎","男",1814,"30.02%","無","苗栗縣","南庄鄉"
"1122","",3,"黃玉燕","女",124,"2.05%","無","苗栗縣","南庄鄉"
"1123","◎",4,"徐耀昌","男",4014,"66.42%","中國國民黨","苗栗縣","南庄鄉"
"1124","",1,"朱泰平","男",108,"1.45%","無","苗栗縣","頭屋鄉"
"1125","",2,"徐定禎","男",2307,"31.05%","無","苗栗縣","頭屋鄉"
"1126","",3,"黃玉燕","女",151,"2.03%","無","苗栗縣","頭屋鄉"
"1127","◎",4,"徐耀昌","男",4863,"65.46%","中國國民黨","苗栗縣","頭屋鄉"
"1128","",1,"朱泰平","男",178,"1.80%","無","苗栗縣","三義鄉"
"1129","",2,"徐定禎","男",3540,"35.78%","無","苗栗縣","三義鄉"
"1130","",3,"黃玉燕","女",330,"3.34%","無","苗栗縣","三義鄉"
"1131","◎",4,"徐耀昌","男",5845,"59.08%","中國國民黨","苗栗縣","三義鄉"
"1132","",1,"朱泰平","男",72,"1.54%","無","苗栗縣","西湖鄉"
"1133","",2,"徐定禎","男",1685,"35.95%","無","苗栗縣","西湖鄉"
"1134","",3,"黃玉燕","女",113,"2.41%","無","苗栗縣","西湖鄉"
"1135","◎",4,"徐耀昌","男",2817,"60.10%","中國國民黨","苗栗縣","西湖鄉"
"1136","",1,"朱泰平","男",145,"1.97%","無","苗栗縣","造橋鄉"
"1137","",2,"徐定禎","男",2561,"34.87%","無","苗栗縣","造橋鄉"
"1138","",3,"黃玉燕","女",194,"2.64%","無","苗栗縣","造橋鄉"
"1139","◎",4,"徐耀昌","男",4444,"60.51%","中國國民黨","苗栗縣","造橋鄉"
"1140","",1,"朱泰平","男",62,"1.51%","無","苗栗縣","三灣鄉"
"1141","",2,"徐定禎","男",1192,"28.97%","無","苗栗縣","三灣鄉"
"1142","",3,"黃玉燕","女",93,"2.26%","無","苗栗縣","三灣鄉"
"1143","◎",4,"徐耀昌","男",2767,"67.26%","中國國民黨","苗栗縣","三灣鄉"
"1144","",1,"朱泰平","男",51,"1.74%","無","苗栗縣","獅潭鄉"
"1145","",2,"徐定禎","男",758,"25.85%","無","苗栗縣","獅潭鄉"
"1146","",3,"黃玉燕","女",73,"2.49%","無","苗栗縣","獅潭鄉"
"1147","◎",4,"徐耀昌","男",2050,"69.92%","中國國民黨","苗栗縣","獅潭鄉"
"1148","",1,"朱泰平","男",79,"1.82%","無","苗栗縣","泰安鄉"
"1149","",2,"徐定禎","男",1318,"30.38%","無","苗栗縣","泰安鄉"
"1150","",3,"黃玉燕","女",112,"2.58%","無","苗栗縣","泰安鄉"
"1151","◎",4,"徐耀昌","男",2829,"65.21%","中國國民黨","苗栗縣","泰安鄉"
"1152","",1,"蘇柏豪","男",542,"12.98%","樹黨","連江縣","南竿鄉"
"1153","",2,"朱秀珍","女",871,"20.86%","無","連江縣","南竿鄉"
"1154","",3,"魏耀乾","男",169,"4.05%","無","連江縣","南竿鄉"
"1155","◎",4,"劉增應","男",2594,"62.12%","中國國民黨","連江縣","南竿鄉"
"1156","",1,"蘇柏豪","男",135,"9.17%","樹黨","連江縣","北竿鄉"
"1157","",2,"朱秀珍","女",147,"9.99%","無","連江縣","北竿鄉"
"1158","",3,"魏耀乾","男",51,"3.46%","無","連江縣","北竿鄉"
"1159","◎",4,"劉增應","男",1139,"77.38%","中國國民黨","連江縣","北竿鄉"
"1160","",1,"蘇柏豪","男",100,"9.17%","樹黨","連江縣","莒光鄉"
"1161","",2,"朱秀珍","女",182,"16.70%","無","連江縣","莒光鄉"
"1162","",3,"魏耀乾","男",76,"6.97%","無","連江縣","莒光鄉"
"1163","◎",4,"劉增應","男",732,"67.16%","中國國民黨","連江縣","莒光鄉"
"1164","",1,"蘇柏豪","男",150,"22.39%","樹黨","連江縣","東引鄉"
"1165","",2,"朱秀珍","女",84,"12.54%","無","連江縣","東引鄉"
"1166","",3,"魏耀乾","男",40,"5.97%","無","連江縣","東引鄉"
"1167","◎",4,"劉增應","男",396,"59.10%","中國國民黨","連江縣","東引鄉"
"1168","◎",1,"楊鎮浯","男",8137,"54.28%","中國國民黨","金門縣","金城鎮"
"1169","",2,"洪志恒","男",299,"1.99%","金門高粱黨","金門縣","金城鎮"
"1170","",3,"汪承樺","女",120,"0.80%","教科文預算保障e聯盟","金門縣","金城鎮"
"1171","",4,"陳福海","男",5916,"39.47%","無","金門縣","金城鎮"
"1172","",5,"謝宜璋","男",412,"2.75%","無","金門縣","金城鎮"
"1173","",6,"洪和成","男",106,"0.71%","無","金門縣","金城鎮"
"1174","◎",1,"楊鎮浯","男",2974,"38.56%","中國國民黨","金門縣","金沙鎮"
"1175","",2,"洪志恒","男",87,"1.13%","金門高粱黨","金門縣","金沙鎮"
"1176","",3,"汪承樺","女",50,"0.65%","教科文預算保障e聯盟","金門縣","金沙鎮"
"1177","",4,"陳福海","男",4412,"57.20%","無","金門縣","金沙鎮"
"1178","",5,"謝宜璋","男",151,"1.96%","無","金門縣","金沙鎮"
"1179","",6,"洪和成","男",39,"0.51%","無","金門縣","金沙鎮"
"1180","◎",1,"楊鎮浯","男",4204,"39.07%","中國國民黨","金門縣","金湖鎮"
"1181","",2,"洪志恒","男",115,"1.07%","金門高粱黨","金門縣","金湖鎮"
"1182","",3,"汪承樺","女",75,"0.70%","教科文預算保障e聯盟","金門縣","金湖鎮"
"1183","",4,"陳福海","男",5855,"54.42%","無","金門縣","金湖鎮"
"1184","",5,"謝宜璋","男",457,"4.25%","無","金門縣","金湖鎮"
"1185","",6,"洪和成","男",53,"0.49%","無","金門縣","金湖鎮"
"1186","◎",1,"楊鎮浯","男",5989,"54.92%","中國國民黨","金門縣","金寧鄉"
"1187","",2,"洪志恒","男",206,"1.89%","金門高粱黨","金門縣","金寧鄉"
"1188","",3,"汪承樺","女",140,"1.28%","教科文預算保障e聯盟","金門縣","金寧鄉"
"1189","",4,"陳福海","男",4204,"38.55%","無","金門縣","金寧鄉"
"1190","",5,"謝宜璋","男",275,"2.52%","無","金門縣","金寧鄉"
"1191","",6,"洪和成","男",90,"0.83%","無","金門縣","金寧鄉"
"1192","◎",1,"楊鎮浯","男",2154,"46.28%","中國國民黨","金門縣","烈嶼鄉"
"1193","",2,"洪志恒","男",124,"2.66%","金門高粱黨","金門縣","烈嶼鄉"
"1194","",3,"汪承樺","女",18,"0.39%","教科文預算保障e聯盟","金門縣","烈嶼鄉"
"1195","",4,"陳福海","男",2186,"46.97%","無","金門縣","烈嶼鄉"
"1196","",5,"謝宜璋","男",94,"2.02%","無","金門縣","烈嶼鄉"
"1197","",6,"洪和成","男",78,"1.68%","無","金門縣","烈嶼鄉"
"1198","◎",1,"楊鎮浯","男",62,"29.67%","中國國民黨","金門縣","烏坵鄉"
"1199","",2,"洪志恒","男",1,"0.48%","金門高粱黨","金門縣","烏坵鄉"
"1200","",3,"汪承樺","女",0,"0.00%","教科文預算保障e聯盟","金門縣","烏坵鄉"
"1201","",4,"陳福海","男",146,"69.86%","無","金門縣","烏坵鄉"
"1202","",5,"謝宜璋","男",0,"0.00%","無","金門縣","烏坵鄉"
"1203","",6,"洪和成","男",0,"0.00%","無","金門縣","烏坵鄉"
"1204","◎",1,"翁章梁","男",10506,"51.80%","民主進步黨","嘉義縣","太保市"
"1205","",2,"吳芳銘","男",3395,"16.74%","無","嘉義縣","太保市"
"1206","",3,"林國龍","男",288,"1.42%","無","嘉義縣","太保市"
"1207","",4,"吳育仁","男",6092,"30.04%","中國國民黨","嘉義縣","太保市"
"1208","◎",1,"翁章梁","男",11907,"53.77%","民主進步黨","嘉義縣","朴子市"
"1209","",2,"吳芳銘","男",3655,"16.50%","無","嘉義縣","朴子市"
"1210","",3,"林國龍","男",405,"1.83%","無","嘉義縣","朴子市"
"1211","",4,"吳育仁","男",6178,"27.90%","中國國民黨","嘉義縣","朴子市"
"1212","◎",1,"翁章梁","男",8244,"54.47%","民主進步黨","嘉義縣","布袋鎮"
"1213","",2,"吳芳銘","男",1569,"10.37%","無","嘉義縣","布袋鎮"
"1214","",3,"林國龍","男",269,"1.78%","無","嘉義縣","布袋鎮"
"1215","",4,"吳育仁","男",5053,"33.39%","中國國民黨","嘉義縣","布袋鎮"
"1216","◎",1,"翁章梁","男",7976,"45.35%","民主進步黨","嘉義縣","大林鎮"
"1217","",2,"吳芳銘","男",3945,"22.43%","無","嘉義縣","大林鎮"
"1218","",3,"林國龍","男",242,"1.38%","無","嘉義縣","大林鎮"
"1219","",4,"吳育仁","男",5426,"30.85%","中國國民黨","嘉義縣","大林鎮"
"1220","◎",1,"翁章梁","男",17016,"44.72%","民主進步黨","嘉義縣","民雄鄉"
"1221","",2,"吳芳銘","男",8246,"21.67%","無","嘉義縣","民雄鄉"
"1222","",3,"林國龍","男",645,"1.70%","無","嘉義縣","民雄鄉"
"1223","",4,"吳育仁","男",12139,"31.91%","中國國民黨","嘉義縣","民雄鄉"
"1224","◎",1,"翁章梁","男",4932,"54.43%","民主進步黨","嘉義縣","溪口鄉"
"1225","",2,"吳芳銘","男",1820,"20.08%","無","嘉義縣","溪口鄉"
"1226","",3,"林國龍","男",211,"2.33%","無","嘉義縣","溪口鄉"
"1227","",4,"吳育仁","男",2099,"23.16%","中國國民黨","嘉義縣","溪口鄉"
"1228","◎",1,"翁章梁","男",10986,"58.72%","民主進步黨","嘉義縣","新港鄉"
"1229","",2,"吳芳銘","男",3095,"16.54%","無","嘉義縣","新港鄉"
"1230","",3,"林國龍","男",329,"1.76%","無","嘉義縣","新港鄉"
"1231","",4,"吳育仁","男",4298,"22.97%","中國國民黨","嘉義縣","新港鄉"
"1232","◎",1,"翁章梁","男",7675,"60.65%","民主進步黨","嘉義縣","六腳鄉"
"1233","",2,"吳芳銘","男",1740,"13.75%","無","嘉義縣","六腳鄉"
"1234","",3,"林國龍","男",250,"1.98%","無","嘉義縣","六腳鄉"
"1235","",4,"吳育仁","男",2989,"23.62%","中國國民黨","嘉義縣","六腳鄉"
"1236","◎",1,"翁章梁","男",7275,"54.97%","民主進步黨","嘉義縣","東石鄉"
"1237","",2,"吳芳銘","男",2532,"19.13%","無","嘉義縣","東石鄉"
"1238","",3,"林國龍","男",234,"1.77%","無","嘉義縣","東石鄉"
"1239","",4,"吳育仁","男",3193,"24.13%","中國國民黨","嘉義縣","東石鄉"
"1240","◎",1,"翁章梁","男",8500,"70.93%","民主進步黨","嘉義縣","義竹鄉"
"1241","",2,"吳芳銘","男",938,"7.83%","無","嘉義縣","義竹鄉"
"1242","",3,"林國龍","男",132,"1.10%","無","嘉義縣","義竹鄉"
"1243","",4,"吳育仁","男",2414,"20.14%","中國國民黨","嘉義縣","義竹鄉"
"1244","◎",1,"翁章梁","男",5411,"60.44%","民主進步黨","嘉義縣","鹿草鄉"
"1245","",2,"吳芳銘","男",844,"9.43%","無","嘉義縣","鹿草鄉"
"1246","",3,"林國龍","男",152,"1.70%","無","嘉義縣","鹿草鄉"
"1247","",4,"吳育仁","男",2545,"28.43%","中國國民黨","嘉義縣","鹿草鄉"
"1248","◎",1,"翁章梁","男",13968,"50.45%","民主進步黨","嘉義縣","水上鄉"
"1249","",2,"吳芳銘","男",3529,"12.75%","無","嘉義縣","水上鄉"
"1250","",3,"林國龍","男",458,"1.65%","無","嘉義縣","水上鄉"
"1251","",4,"吳育仁","男",9734,"35.15%","中國國民黨","嘉義縣","水上鄉"
"1252","◎",1,"翁章梁","男",11500,"48.74%","民主進步黨","嘉義縣","中埔鄉"
"1253","",2,"吳芳銘","男",4038,"17.11%","無","嘉義縣","中埔鄉"
"1254","",3,"林國龍","男",308,"1.31%","無","嘉義縣","中埔鄉"
"1255","",4,"吳育仁","男",7751,"32.85%","中國國民黨","嘉義縣","中埔鄉"
"1256","◎",1,"翁章梁","男",8791,"42.08%","民主進步黨","嘉義縣","竹崎鄉"
"1257","",2,"吳芳銘","男",5467,"26.17%","無","嘉義縣","竹崎鄉"
"1258","",3,"林國龍","男",334,"1.60%","無","嘉義縣","竹崎鄉"
"1259","",4,"吳育仁","男",6300,"30.16%","中國國民黨","嘉義縣","竹崎鄉"
"1260","◎",1,"翁章梁","男",5175,"43.22%","民主進步黨","嘉義縣","梅山鄉"
"1261","",2,"吳芳銘","男",3197,"26.70%","無","嘉義縣","梅山鄉"
"1262","",3,"林國龍","男",164,"1.37%","無","嘉義縣","梅山鄉"
"1263","",4,"吳育仁","男",3437,"28.71%","中國國民黨","嘉義縣","梅山鄉"
"1264","◎",1,"翁章梁","男",2253,"32.66%","民主進步黨","嘉義縣","番路鄉"
"1265","",2,"吳芳銘","男",2036,"29.51%","無","嘉義縣","番路鄉"
"1266","",3,"林國龍","男",100,"1.45%","無","嘉義縣","番路鄉"
"1267","",4,"吳育仁","男",2510,"36.38%","中國國民黨","嘉義縣","番路鄉"
"1268","◎",1,"翁章梁","男",1724,"56.07%","民主進步黨","嘉義縣","大埔鄉"
"1269","",2,"吳芳銘","男",397,"12.91%","無","嘉義縣","大埔鄉"
"1270","",3,"林國龍","男",35,"1.14%","無","嘉義縣","大埔鄉"
"1271","",4,"吳育仁","男",919,"29.89%","中國國民黨","嘉義縣","大埔鄉"
"1272","◎",1,"翁章梁","男",1449,"44.83%","民主進步黨","嘉義縣","里山鄉"
"1273","",2,"吳芳銘","男",577,"17.85%","無","嘉義縣","里山鄉"
"1274","",3,"林國龍","男",40,"1.24%","無","嘉義縣","里山鄉"
"1275","",4,"吳育仁","男",1166,"36.08%","中國國民黨","嘉義縣","里山鄉"
"1276","",1,"蕭淑麗","女",10703,"16.95%","無","嘉義市","在東區"
"1277","◎",2,"黃敏惠","女",27558,"43.64%","中國國民黨","嘉義市","在東區"
"1278","",3,"黃宏成台灣阿成世界偉人財神總統","男",806,"1.28%","無","嘉義市","在東區"
"1279","",4,"涂醒哲","男",24081,"38.13%","民主進步黨","嘉義市","在東區"
"1280","",1,"蕭淑麗","女",14869,"18.81%","無","嘉義市","在西區"
"1281","◎",2,"黃敏惠","女",31000,"39.21%","中國國民黨","嘉義市","在西區"
"1282","",3,"黃宏成台灣阿成世界偉人財神總統","男",1016,"1.29%","無","嘉義市","在西區"
"1283","",4,"涂醒哲","男",32175,"40.70%","民主進步黨","嘉義市","在西區"
"1284","",1,"謝立功","男",12009,"47.21%","中國國民黨","基隆市","中正區"
"1285","◎",2,"林右昌","男",13431,"52.79%","民主進步黨","基隆市","中正區"
"1286","",1,"謝立功","男",11745,"42.50%","中國國民黨","基隆市","七堵區"
"1287","◎",2,"林右昌","男",15891,"57.50%","民主進步黨","基隆市","七堵區"
"1288","",1,"謝立功","男",9222,"46.76%","中國國民黨","基隆市","暖暖區"
"1289","◎",2,"林右昌","男",10500,"53.24%","民主進步黨","基隆市","暖暖區"
"1290","",1,"謝立功","男",9877,"44.13%","中國國民黨","基隆市","仁愛區"
"1291","◎",2,"林右昌","男",12507,"55.87%","民主進步黨","基隆市","仁愛區"
"1292","",1,"謝立功","男",11424,"45.51%","中國國民黨","基隆市","中山區"
"1293","◎",2,"林右昌","男",13678,"54.49%","民主進步黨","基隆市","中山區"
"1294","",1,"謝立功","男",18580,"45.04%","中國國民黨","基隆市","安樂區"
"1295","◎",2,"林右昌","男",22676,"54.96%","民主進步黨","基隆市","安樂區"
"1296","",1,"謝立功","男",13672,"50.35%","中國國民黨","基隆市","信義區"
"1297","◎",2,"林右昌","男",13484,"49.65%","民主進步黨","基隆市","信義區"
"1298","◎",1,"徐榛蔚","女",32399,"65.99%","中國國民黨","花蓮縣","花蓮市"
"1299","",2,"劉曉玫","女",15065,"30.68%","民主進步黨","花蓮縣","花蓮市"
"1300","",3,"黄師鵬","男",1635,"3.33%","無","花蓮縣","花蓮市"
"1301","◎",1,"徐榛蔚","女",4991,"76.26%","中國國民黨","花蓮縣","鳳林鎮"
"1302","",2,"劉曉玫","女",1418,"21.67%","民主進步黨","花蓮縣","鳳林鎮"
"1303","",3,"黄師鵬","男",136,"2.08%","無","花蓮縣","鳳林鎮"
"1304","◎",1,"徐榛蔚","女",9193,"76.13%","中國國民黨","花蓮縣","玉里鎮"
"1305","",2,"劉曉玫","女",2646,"21.91%","民主進步黨","花蓮縣","玉里鎮"
"1306","",3,"黄師鵬","男",237,"1.96%","無","花蓮縣","玉里鎮"
"1307","◎",1,"徐榛蔚","女",7551,"71.41%","中國國民黨","花蓮縣","新城鄉"
"1308","",2,"劉曉玫","女",2716,"25.69%","民主進步黨","花蓮縣","新城鄉"
"1309","",3,"黄師鵬","男",307,"2.90%","無","花蓮縣","新城鄉"
"1310","◎",1,"徐榛蔚","女",28510,"68.51%","中國國民黨","花蓮縣","吉安鄉"
"1311","",2,"劉曉玫","女",11845,"28.46%","民主進步黨","花蓮縣","吉安鄉"
"1312","",3,"黄師鵬","男",1260,"3.03%","無","花蓮縣","吉安鄉"
"1313","◎",1,"徐榛蔚","女",7438,"71.53%","中國國民黨","花蓮縣","壽豐鄉"
"1314","",2,"劉曉玫","女",2732,"26.27%","民主進步黨","花蓮縣","壽豐鄉"
"1315","",3,"黄師鵬","男",229,"2.20%","無","花蓮縣","壽豐鄉"
"1316","◎",1,"徐榛蔚","女",5830,"77.36%","中國國民黨","花蓮縣","光復鄉"
"1317","",2,"劉曉玫","女",1553,"20.61%","民主進步黨","花蓮縣","光復鄉"
"1318","",3,"黄師鵬","男",153,"2.03%","無","花蓮縣","光復鄉"
"1319","◎",1,"徐榛蔚","女",2471,"77.70%","中國國民黨","花蓮縣","豐濱鄉"
"1320","",2,"劉曉玫","女",629,"19.78%","民主進步黨","花蓮縣","豐濱鄉"
"1321","",3,"黄師鵬","男",80,"2.52%","無","花蓮縣","豐濱鄉"
"1322","◎",1,"徐榛蔚","女",5010,"75.78%","中國國民黨","花蓮縣","瑞穗鄉"
"1323","",2,"劉曉玫","女",1487,"22.49%","民主進步黨","花蓮縣","瑞穗鄉"
"1324","",3,"黄師鵬","男",114,"1.72%","無","花蓮縣","瑞穗鄉"
"1325","◎",1,"徐榛蔚","女",4628,"77.81%","中國國民黨","花蓮縣","富里鄉"
"1326","",2,"劉曉玫","女",1229,"20.66%","民主進步黨","花蓮縣","富里鄉"
"1327","",3,"黄師鵬","男",91,"1.53%","無","花蓮縣","富里鄉"
"1328","◎",1,"徐榛蔚","女",7074,"80.55%","中國國民黨","花蓮縣","秀林鄉"
"1329","",2,"劉曉玫","女",1629,"18.55%","民主進步黨","花蓮縣","秀林鄉"
"1330","",3,"黄師鵬","男",79,"0.90%","無","花蓮縣","秀林鄉"
"1331","◎",1,"徐榛蔚","女",3205,"83.70%","中國國民黨","花蓮縣","萬榮鄉"
"1332","",2,"劉曉玫","女",567,"14.81%","民主進步黨","花蓮縣","萬榮鄉"
"1333","",3,"黄師鵬","男",57,"1.49%","無","花蓮縣","萬榮鄉"
"1334","◎",1,"徐榛蔚","女",2997,"88.10%","中國國民黨","花蓮縣","卓溪鄉"
"1335","",2,"劉曉玫","女",363,"10.67%","民主進步黨","花蓮縣","卓溪鄉"
"1336","",3,"黄師鵬","男",42,"1.23%","無","花蓮縣","卓溪鄉"
"1337","◎",1,"韓國瑜","男",7633,"48.28%","中國國民黨","高雄市","鹽埕區"
"1338","",2,"陳其邁","男",7992,"50.55%","民主進步黨","高雄市","鹽埕區"
"1339","",3,"璩美鳳","女",71,"0.45%","無","高雄市","鹽埕區"
"1340","",4,"蘇盈貴","男",113,"0.71%","無","高雄市","鹽埕區"
"1341","◎",1,"韓國瑜","男",45816,"57.04%","中國國民黨","高雄市","鼓山區"
"1342","",2,"陳其邁","男",33547,"41.77%","民主進步黨","高雄市","鼓山區"
"1343","",3,"璩美鳳","女",267,"0.33%","無","高雄市","鼓山區"
"1344","",4,"蘇盈貴","男",691,"0.86%","無","高雄市","鼓山區"
"1345","◎",1,"韓國瑜","男",68255,"61.99%","中國國民黨","高雄市","左營區"
"1346","",2,"陳其邁","男",40526,"36.81%","民主進步黨","高雄市","左營區"
"1347","",3,"璩美鳳","女",346,"0.31%","無","高雄市","左營區"
"1348","",4,"蘇盈貴","男",978,"0.89%","無","高雄市","左營區"
"1349","◎",1,"韓國瑜","男",59478,"56.58%","中國國民黨","高雄市","楠梓區"
"1350","",2,"陳其邁","男",44288,"42.13%","民主進步黨","高雄市","楠梓區"
"1351","",3,"璩美鳳","女",379,"0.36%","無","高雄市","楠梓區"
"1352","",4,"蘇盈貴","男",973,"0.93%","無","高雄市","楠梓區"
"1353","◎",1,"韓國瑜","男",105406,"52.79%","中國國民黨","高雄市","三民區"
"1354","",2,"陳其邁","男",91617,"45.88%","民主進步黨","高雄市","三民區"
"1355","",3,"璩美鳳","女",772,"0.39%","無","高雄市","三民區"
"1356","",4,"蘇盈貴","男",1872,"0.94%","無","高雄市","三民區"
"1357","◎",1,"韓國瑜","男",16776,"53.34%","中國國民黨","高雄市","新興區"
"1358","",2,"陳其邁","男",14237,"45.26%","民主進步黨","高雄市","新興區"
"1359","",3,"璩美鳳","女",107,"0.34%","無","高雄市","新興區"
"1360","",4,"蘇盈貴","男",334,"1.06%","無","高雄市","新興區"
"1361","◎",1,"韓國瑜","男",9120,"53.83%","中國國民黨","高雄市","前金區"
"1362","",2,"陳其邁","男",7608,"44.91%","民主進步黨","高雄市","前金區"
"1363","",3,"璩美鳳","女",53,"0.31%","無","高雄市","前金區"
"1364","",4,"蘇盈貴","男",161,"0.95%","無","高雄市","前金區"
"1365","◎",1,"韓國瑜","男",57171,"54.60%","中國國民黨","高雄市","苓雅區"
"1366","",2,"陳其邁","男",46041,"43.97%","民主進步黨","高雄市","苓雅區"
"1367","",3,"璩美鳳","女",401,"0.38%","無","高雄市","苓雅區"
"1368","",4,"蘇盈貴","男",1098,"1.05%","無","高雄市","苓雅區"
"1369","◎",1,"韓國瑜","男",59572,"52.53%","中國國民黨","高雄市","前鎮區"
"1370","",2,"陳其邁","男",52376,"46.19%","民主進步黨","高雄市","前鎮區"
"1371","",3,"璩美鳳","女",472,"0.42%","無","高雄市","前鎮區"
"1372","",4,"蘇盈貴","男",982,"0.87%","無","高雄市","前鎮區"
"1373","◎",1,"韓國瑜","男",7993,"45.49%","中國國民黨","高雄市","旗津區"
"1374","",2,"陳其邁","男",9360,"53.27%","民主進步黨","高雄市","旗津區"
"1375","",3,"璩美鳳","女",95,"0.54%","無","高雄市","旗津區"
"1376","",4,"蘇盈貴","男",124,"0.71%","無","高雄市","旗津區"
"1377","◎",1,"韓國瑜","男",47806,"51.70%","中國國民黨","高雄市","小港區"
"1378","",2,"陳其邁","男",43464,"47.00%","民主進步黨","高雄市","小港區"
"1379","",3,"璩美鳳","女",433,"0.47%","無","高雄市","小港區"
"1380","",4,"蘇盈貴","男",764,"0.83%","無","高雄市","小港區"
"1381","◎",1,"韓國瑜","男",118466,"56.54%","中國國民黨","高雄市","鳳山區"
"1382","",2,"陳其邁","男",88437,"42.21%","民主進步黨","高雄市","鳳山區"
"1383","",3,"璩美鳳","女",881,"0.42%","無","高雄市","鳳山區"
"1384","",4,"蘇盈貴","男",1739,"0.83%","無","高雄市","鳳山區"
"1385","◎",1,"韓國瑜","男",20149,"47.40%","中國國民黨","高雄市","林園區"
"1386","",2,"陳其邁","男",21847,"51.40%","民主進步黨","高雄市","林園區"
"1387","",3,"璩美鳳","女",219,"0.52%","無","高雄市","林園區"
"1388","",4,"蘇盈貴","男",293,"0.69%","無","高雄市","林園區"
"1389","◎",1,"韓國瑜","男",35636,"52.17%","中國國民黨","高雄市","大寮區"
"1390","",2,"陳其邁","男",31773,"46.51%","民主進步黨","高雄市","大寮區"
"1391","",3,"璩美鳳","女",372,"0.54%","無","高雄市","大寮區"
"1392","",4,"蘇盈貴","男",533,"0.78%","無","高雄市","大寮區"
"1393","◎",1,"韓國瑜","男",12945,"48.33%","中國國民黨","高雄市","大樹區"
"1394","",2,"陳其邁","男",13493,"50.38%","民主進步黨","高雄市","大樹區"
"1395","",3,"璩美鳳","女",174,"0.65%","無","高雄市","大樹區"
"1396","",4,"蘇盈貴","男",173,"0.65%","無","高雄市","大樹區"
"1397","◎",1,"韓國瑜","男",10378,"48.89%","中國國民黨","高雄市","大社區"
"1398","",2,"陳其邁","男",10512,"49.52%","民主進步黨","高雄市","大社區"
"1399","",3,"璩美鳳","女",142,"0.67%","無","高雄市","大社區"
"1400","",4,"蘇盈貴","男",197,"0.93%","無","高雄市","大社區"
"1401","◎",1,"韓國瑜","男",26659,"51.40%","中國國民黨","高雄市","仁武區"
"1402","",2,"陳其邁","男",24543,"47.32%","民主進步黨","高雄市","仁武區"
"1403","",3,"璩美鳳","女",250,"0.48%","無","高雄市","仁武區"
"1404","",4,"蘇盈貴","男",412,"0.79%","無","高雄市","仁武區"
"1405","◎",1,"韓國瑜","男",14410,"52.23%","中國國民黨","高雄市","鳥松區"
"1406","",2,"陳其邁","男",12806,"46.42%","民主進步黨","高雄市","鳥松區"
"1407","",3,"璩美鳳","女",115,"0.42%","無","高雄市","鳥松區"
"1408","",4,"蘇盈貴","男",258,"0.94%","無","高雄市","鳥松區"
"1409","◎",1,"韓國瑜","男",32410,"54.93%","中國國民黨","高雄市","岡山區"
"1410","",2,"陳其邁","男",25829,"43.78%","民主進步黨","高雄市","岡山區"
"1411","",3,"璩美鳳","女",313,"0.53%","無","高雄市","岡山區"
"1412","",4,"蘇盈貴","男",446,"0.76%","無","高雄市","岡山區"
"1413","◎",1,"韓國瑜","男",10888,"44.45%","中國國民黨","高雄市","橋頭區"
"1414","",2,"陳其邁","男",13256,"54.11%","民主進步黨","高雄市","橋頭區"
"1415","",3,"璩美鳳","女",146,"0.60%","無","高雄市","橋頭區"
"1416","",4,"蘇盈貴","男",207,"0.85%","無","高雄市","橋頭區"
"1417","◎",1,"韓國瑜","男",9448,"50.88%","中國國民黨","高雄市","燕巢區"
"1418","",2,"陳其邁","男",8871,"47.77%","民主進步黨","高雄市","燕巢區"
"1419","",3,"璩美鳳","女",120,"0.65%","無","高雄市","燕巢區"
"1420","",4,"蘇盈貴","男",130,"0.70%","無","高雄市","燕巢區"
"1421","◎",1,"韓國瑜","男",2252,"43.58%","中國國民黨","高雄市","田寮區"
"1422","",2,"陳其邁","男",2768,"53.56%","民主進步黨","高雄市","田寮區"
"1423","",3,"璩美鳳","女",135,"2.61%","無","高雄市","田寮區"
"1424","",4,"蘇盈貴","男",13,"0.25%","無","高雄市","田寮區"
"1425","◎",1,"韓國瑜","男",8322,"47.12%","中國國民黨","高雄市","阿蓮區"
"1426","",2,"陳其邁","男",8958,"50.72%","民主進步黨","高雄市","阿蓮區"
"1427","",3,"璩美鳳","女",254,"1.44%","無","高雄市","阿蓮區"
"1428","",4,"蘇盈貴","男",126,"0.71%","無","高雄市","阿蓮區"
"1429","◎",1,"韓國瑜","男",16545,"52.43%","中國國民黨","高雄市","路竹區"
"1430","",2,"陳其邁","男",14407,"45.66%","民主進步黨","高雄市","路竹區"
"1431","",3,"璩美鳳","女",319,"1.01%","無","高雄市","路竹區"
"1432","",4,"蘇盈貴","男",284,"0.90%","無","高雄市","路竹區"
"1433","◎",1,"韓國瑜","男",9133,"49.67%","中國國民黨","高雄市","湖內區"
"1434","",2,"陳其邁","男",8903,"48.42%","民主進步黨","高雄市","湖內區"
"1435","",3,"璩美鳳","女",187,"1.02%","無","高雄市","湖內區"
"1436","",4,"蘇盈貴","男",164,"0.89%","無","高雄市","湖內區"
"1437","◎",1,"韓國瑜","男",8662,"47.72%","中國國民黨","高雄市","茄萣區"
"1438","",2,"陳其邁","男",9209,"50.74%","民主進步黨","高雄市","茄萣區"
"1439","",3,"璩美鳳","女",152,"0.84%","無","高雄市","茄萣區"
"1440","",4,"蘇盈貴","男",127,"0.70%","無","高雄市","茄萣區"
"1441","◎",1,"韓國瑜","男",4545,"49.62%","中國國民黨","高雄市","永安區"
"1442","",2,"陳其邁","男",4478,"48.89%","民主進步黨","高雄市","永安區"
"1443","",3,"璩美鳳","女",61,"0.67%","無","高雄市","永安區"
"1444","",4,"蘇盈貴","男",76,"0.83%","無","高雄市","永安區"
"1445","◎",1,"韓國瑜","男",6756,"52.77%","中國國民黨","高雄市","彌陀區"
"1446","",2,"陳其邁","男",5871,"45.86%","民主進步黨","高雄市","彌陀區"
"1447","",3,"璩美鳳","女",86,"0.67%","無","高雄市","彌陀區"
"1448","",4,"蘇盈貴","男",89,"0.70%","無","高雄市","彌陀區"
"1449","◎",1,"韓國瑜","男",10509,"46.81%","中國國民黨","高雄市","梓官區"
"1450","",2,"陳其邁","男",11646,"51.87%","民主進步黨","高雄市","梓官區"
"1451","",3,"璩美鳳","女",129,"0.57%","無","高雄市","梓官區"
"1452","",4,"蘇盈貴","男",168,"0.75%","無","高雄市","梓官區"
"1453","◎",1,"韓國瑜","男",12379,"52.34%","中國國民黨","高雄市","旗山區"
"1454","",2,"陳其邁","男",10940,"46.26%","民主進步黨","高雄市","旗山區"
"1455","",3,"璩美鳳","女",155,"0.66%","無","高雄市","旗山區"
"1456","",4,"蘇盈貴","男",177,"0.75%","無","高雄市","旗山區"
"1457","◎",1,"韓國瑜","男",15478,"61.09%","中國國民黨","高雄市","美濃區"
"1458","",2,"陳其邁","男",9546,"37.68%","民主進步黨","高雄市","美濃區"
"1459","",3,"璩美鳳","女",125,"0.49%","無","高雄市","美濃區"
"1460","",4,"蘇盈貴","男",186,"0.73%","無","高雄市","美濃區"
"1461","◎",1,"韓國瑜","男",4084,"54.29%","中國國民黨","高雄市","六龜區"
"1462","",2,"陳其邁","男",3315,"44.07%","民主進步黨","高雄市","六龜區"
"1463","",3,"璩美鳳","女",64,"0.85%","無","高雄市","六龜區"
"1464","",4,"蘇盈貴","男",59,"0.78%","無","高雄市","六龜區"
"1465","◎",1,"韓國瑜","男",2339,"60.17%","中國國民黨","高雄市","甲仙區"
"1466","",2,"陳其邁","男",1483,"38.15%","民主進步黨","高雄市","甲仙區"
"1467","",3,"璩美鳳","女",35,"0.90%","無","高雄市","甲仙區"
"1468","",4,"蘇盈貴","男",30,"0.77%","無","高雄市","甲仙區"
"1469","◎",1,"韓國瑜","男",4129,"56.45%","中國國民黨","高雄市","杉林區"
"1470","",2,"陳其邁","男",3076,"42.05%","民主進步黨","高雄市","杉林區"
"1471","",3,"璩美鳳","女",53,"0.72%","無","高雄市","杉林區"
"1472","",4,"蘇盈貴","男",57,"0.78%","無","高雄市","杉林區"
"1473","◎",1,"韓國瑜","男",5446,"53.81%","中國國民黨","高雄市","內門區"
"1474","",2,"陳其邁","男",4510,"44.57%","民主進步黨","高雄市","內門區"
"1475","",3,"璩美鳳","女",85,"0.84%","無","高雄市","內門區"
"1476","",4,"蘇盈貴","男",79,"0.78%","無","高雄市","內門區"
"1477","◎",1,"韓國瑜","男",1281,"91.83%","中國國民黨","高雄市","茂林區"
"1478","",2,"陳其邁","男",107,"7.67%","民主進步黨","高雄市","茂林區"
"1479","",3,"璩美鳳","女",6,"0.43%","無","高雄市","茂林區"
"1480","",4,"蘇盈貴","男",1,"0.07%","無","高雄市","茂林區"
"1481","◎",1,"韓國瑜","男",2519,"88.51%","中國國民黨","高雄市","桃源區"
"1482","",2,"陳其邁","男",304,"10.68%","民主進步黨","高雄市","桃源區"
"1483","",3,"璩美鳳","女",14,"0.49%","無","高雄市","桃源區"
"1484","",4,"蘇盈貴","男",9,"0.32%","無","高雄市","桃源區"
"1485","◎",1,"韓國瑜","男",1751,"85.08%","中國國民黨","高雄市","瑪夏區"
"1486","",2,"陳其邁","男",295,"14.33%","民主進步黨","高雄市","瑪夏區"
"1487","",3,"璩美鳳","女",10,"0.49%","無","高雄市","瑪夏區"
"1488","",4,"蘇盈貴","男",2,"0.10%","無","高雄市","瑪夏區"
